name,split,index,png_all,png_errors,png_d21
01MAVHYZ,test,0,01MAVHYZ.png,01MAVHYZ.png,01MAVHYZ.png
01FR2S9H,test,1,01FR2S9H.png,01FR2S9H.png,01FR2S9H.png
01AVY0SK,test,2,01AVY0SK.png,01AVY0SK.png,01AVY0SK.png
ECZA08SG,test,3,ECZA08SG.png,ECZA08SG.png,ECZA08SG.png
OEIWQQMQ,test,4,OEIWQQMQ.png,OEIWQQMQ.png,OEIWQQMQ.png
6BWQC0CT,test,5,6BWQC0CT.png,6BWQC0CT.png,6BWQC0CT.png
MC39MU3H,test,6,MC39MU3H.png,MC39MU3H.png,MC39MU3H.png
ASUXPX7O,test,7,ASUXPX7O.png,ASUXPX7O.png,ASUXPX7O.png
U1HFBZ1F,test,8,U1HFBZ1F.png,U1HFBZ1F.png,U1HFBZ1F.png
QVUPP39R,test,9,QVUPP39R.png,QVUPP39R.png,QVUPP39R.png
017APYC4,test,10,017APYC4.png,017APYC4.png,017APYC4.png
F5NBC5X3,test,11,F5NBC5X3.png,F5NBC5X3.png,F5NBC5X3.png
