idx,sample_name,jaw,path,n_points,has_labels
199,01FPTYH2,upper,/home/htaucare/Tesis_Amaro/data/Teeth_3ds/processed_struct_safe/200000/upper/01FPTYH2,200000,1
929,Z5SBGG6H,upper,/home/htaucare/Tesis_Amaro/data/Teeth_3ds/processed_struct_safe/200000/upper/Z5SBGG6H,200000,1
693,LPISNMTY,upper,/home/htaucare/Tesis_Amaro/data/Teeth_3ds/processed_struct_safe/200000/upper/LPISNMTY,200000,1
798,SGIFTXFD,upper,/home/htaucare/Tesis_Amaro/data/Teeth_3ds/processed_struct_safe/200000/upper/SGIFTXFD,200000,1
874,WME8HO0N,upper,/home/htaucare/Tesis_Amaro/data/Teeth_3ds/processed_struct_safe/200000/upper/WME8HO0N,200000,1
578,FUYJPUPX,upper,/home/htaucare/Tesis_Amaro/data/Teeth_3ds/processed_struct_safe/200000/upper/FUYJPUPX,200000,1
824,U9UBDO05,upper,/home/htaucare/Tesis_Amaro/data/Teeth_3ds/processed_struct_safe/200000/upper/U9UBDO05,200000,1
924,YV4OEIZ5,upper,/home/htaucare/Tesis_Amaro/data/Teeth_3ds/processed_struct_safe/200000/upper/YV4OEIZ5,200000,1
490,BEONHKS1,upper,/home/htaucare/Tesis_Amaro/data/Teeth_3ds/processed_struct_safe/200000/upper/BEONHKS1,200000,1
174,01E9V1EX,upper,/home/htaucare/Tesis_Amaro/data/Teeth_3ds/processed_struct_safe/200000/upper/01E9V1EX,200000,1
209,01FX95TX,upper,/home/htaucare/Tesis_Amaro/data/Teeth_3ds/processed_struct_safe/200000/upper/01FX95TX,200000,1
281,0DNK2I7H,upper,/home/htaucare/Tesis_Amaro/data/Teeth_3ds/processed_struct_safe/200000/upper/0DNK2I7H,200000,1
59,01558X1D,upper,/home/htaucare/Tesis_Amaro/data/Teeth_3ds/processed_struct_safe/200000/upper/01558X1D,200000,1
464,9ZI8RSEP,upper,/home/htaucare/Tesis_Amaro/data/Teeth_3ds/processed_struct_safe/200000/upper/9ZI8RSEP,200000,1
848,VD3KNUMV,upper,/home/htaucare/Tesis_Amaro/data/Teeth_3ds/processed_struct_safe/200000/upper/VD3KNUMV,200000,1
76,015WXFRN,upper,/home/htaucare/Tesis_Amaro/data/Teeth_3ds/processed_struct_safe/200000/upper/015WXFRN,200000,1
411,6TZ254SP,upper,/home/htaucare/Tesis_Amaro/data/Teeth_3ds/processed_struct_safe/200000/upper/6TZ254SP,200000,1
215,01HJK61N,upper,/home/htaucare/Tesis_Amaro/data/Teeth_3ds/processed_struct_safe/200000/upper/01HJK61N,200000,1
107,017FHD6X,upper,/home/htaucare/Tesis_Amaro/data/Teeth_3ds/processed_struct_safe/200000/upper/017FHD6X,200000,1
737,OR84V09H,upper,/home/htaucare/Tesis_Amaro/data/Teeth_3ds/processed_struct_safe/200000/upper/OR84V09H,200000,1
405,6L4N5MA2,upper,/home/htaucare/Tesis_Amaro/data/Teeth_3ds/processed_struct_safe/200000/upper/6L4N5MA2,200000,1
558,EK26QFUW,upper,/home/htaucare/Tesis_Amaro/data/Teeth_3ds/processed_struct_safe/200000/upper/EK26QFUW,200000,1
363,4FEQPMVC,upper,/home/htaucare/Tesis_Amaro/data/Teeth_3ds/processed_struct_safe/200000/upper/4FEQPMVC,200000,1
210,01FYW6K6,upper,/home/htaucare/Tesis_Amaro/data/Teeth_3ds/processed_struct_safe/200000/upper/01FYW6K6,200000,1
23,0140U5D6,upper,/home/htaucare/Tesis_Amaro/data/Teeth_3ds/processed_struct_safe/200000/upper/0140U5D6,200000,1
604,H83RDQT1,upper,/home/htaucare/Tesis_Amaro/data/Teeth_3ds/processed_struct_safe/200000/upper/H83RDQT1,200000,1
525,DBNTTNY9,upper,/home/htaucare/Tesis_Amaro/data/Teeth_3ds/processed_struct_safe/200000/upper/DBNTTNY9,200000,1
457,9S7DPB1Q,upper,/home/htaucare/Tesis_Amaro/data/Teeth_3ds/processed_struct_safe/200000/upper/9S7DPB1Q,200000,1
618,HT9XQCYL,upper,/home/htaucare/Tesis_Amaro/data/Teeth_3ds/processed_struct_safe/200000/upper/HT9XQCYL,200000,1
30,0145FC8N,upper,/home/htaucare/Tesis_Amaro/data/Teeth_3ds/processed_struct_safe/200000/upper/0145FC8N,200000,1
850,VGHJYZVW,upper,/home/htaucare/Tesis_Amaro/data/Teeth_3ds/processed_struct_safe/200000/upper/VGHJYZVW,200000,0
757,PYKS3V33,upper,/home/htaucare/Tesis_Amaro/data/Teeth_3ds/processed_struct_safe/200000/upper/PYKS3V33,200000,1
711,N49I3941,upper,/home/htaucare/Tesis_Amaro/data/Teeth_3ds/processed_struct_safe/200000/upper/N49I3941,200000,1
231,01JH0154,upper,/home/htaucare/Tesis_Amaro/data/Teeth_3ds/processed_struct_safe/200000/upper/01JH0154,200000,1
67,015DUP26,upper,/home/htaucare/Tesis_Amaro/data/Teeth_3ds/processed_struct_safe/200000/upper/015DUP26,200000,1
136,019PEUMN,upper,/home/htaucare/Tesis_Amaro/data/Teeth_3ds/processed_struct_safe/200000/upper/019PEUMN,200000,1
294,0U1LI1CB,upper,/home/htaucare/Tesis_Amaro/data/Teeth_3ds/processed_struct_safe/200000/upper/0U1LI1CB,200000,1
139,019TUUZD,upper,/home/htaucare/Tesis_Amaro/data/Teeth_3ds/processed_struct_safe/200000/upper/019TUUZD,200000,1
620,HZH8DYC7,upper,/home/htaucare/Tesis_Amaro/data/Teeth_3ds/processed_struct_safe/200000/upper/HZH8DYC7,200000,1
716,NFE03ULN,upper,/home/htaucare/Tesis_Amaro/data/Teeth_3ds/processed_struct_safe/200000/upper/NFE03ULN,200000,1
39,014JJ942,upper,/home/htaucare/Tesis_Amaro/data/Teeth_3ds/processed_struct_safe/200000/upper/014JJ942,200000,1
331,2PNHPSAX,upper,/home/htaucare/Tesis_Amaro/data/Teeth_3ds/processed_struct_safe/200000/upper/2PNHPSAX,200000,1
266,01M6JVVN,upper,/home/htaucare/Tesis_Amaro/data/Teeth_3ds/processed_struct_safe/200000/upper/01M6JVVN,200000,1
482,B22GOXWW,upper,/home/htaucare/Tesis_Amaro/data/Teeth_3ds/processed_struct_safe/200000/upper/B22GOXWW,200000,0
86,016FT33T,upper,/home/htaucare/Tesis_Amaro/data/Teeth_3ds/processed_struct_safe/200000/upper/016FT33T,200000,1
312,1RT7WBH4,upper,/home/htaucare/Tesis_Amaro/data/Teeth_3ds/processed_struct_safe/200000/upper/1RT7WBH4,200000,1
567,F892DPWZ,upper,/home/htaucare/Tesis_Amaro/data/Teeth_3ds/processed_struct_safe/200000/upper/F892DPWZ,200000,1
259,01KY7E6A,upper,/home/htaucare/Tesis_Amaro/data/Teeth_3ds/processed_struct_safe/200000/upper/01KY7E6A,200000,1
70,015KRWDT,upper,/home/htaucare/Tesis_Amaro/data/Teeth_3ds/processed_struct_safe/200000/upper/015KRWDT,200000,1
165,01CJ68G2,upper,/home/htaucare/Tesis_Amaro/data/Teeth_3ds/processed_struct_safe/200000/upper/01CJ68G2,200000,1
730,OEPN5LUR,upper,/home/htaucare/Tesis_Amaro/data/Teeth_3ds/processed_struct_safe/200000/upper/OEPN5LUR,200000,1
96,016X1CJT,upper,/home/htaucare/Tesis_Amaro/data/Teeth_3ds/processed_struct_safe/200000/upper/016X1CJT,200000,1
280,0AAQ6BO3,upper,/home/htaucare/Tesis_Amaro/data/Teeth_3ds/processed_struct_safe/200000/upper/0AAQ6BO3,200000,1
869,WBR4UERA,upper,/home/htaucare/Tesis_Amaro/data/Teeth_3ds/processed_struct_safe/200000/upper/WBR4UERA,200000,1
371,4OPR2WF4,upper,/home/htaucare/Tesis_Amaro/data/Teeth_3ds/processed_struct_safe/200000/upper/4OPR2WF4,200000,1
636,IKZNMT4Z,upper,/home/htaucare/Tesis_Amaro/data/Teeth_3ds/processed_struct_safe/200000/upper/IKZNMT4Z,200000,1
783,RUXSXSCL,upper,/home/htaucare/Tesis_Amaro/data/Teeth_3ds/processed_struct_safe/200000/upper/RUXSXSCL,200000,1
621,I004CBAW,upper,/home/htaucare/Tesis_Amaro/data/Teeth_3ds/processed_struct_safe/200000/upper/I004CBAW,200000,1
864,W33KWDRX,upper,/home/htaucare/Tesis_Amaro/data/Teeth_3ds/processed_struct_safe/200000/upper/W33KWDRX,200000,1
380,50O9GUWT,upper,/home/htaucare/Tesis_Amaro/data/Teeth_3ds/processed_struct_safe/200000/upper/50O9GUWT,200000,1
381,51MXL2ZA,upper,/home/htaucare/Tesis_Amaro/data/Teeth_3ds/processed_struct_safe/200000/upper/51MXL2ZA,200000,1
453,9M60SBBP,upper,/home/htaucare/Tesis_Amaro/data/Teeth_3ds/processed_struct_safe/200000/upper/9M60SBBP,200000,1
388,5JOHQLJK,upper,/home/htaucare/Tesis_Amaro/data/Teeth_3ds/processed_struct_safe/200000/upper/5JOHQLJK,200000,1
570,FBZLIQ1L,upper,/home/htaucare/Tesis_Amaro/data/Teeth_3ds/processed_struct_safe/200000/upper/FBZLIQ1L,200000,1
198,01FPR7JA,upper,/home/htaucare/Tesis_Amaro/data/Teeth_3ds/processed_struct_safe/200000/upper/01FPR7JA,200000,1
63,0158XRYK,upper,/home/htaucare/Tesis_Amaro/data/Teeth_3ds/processed_struct_safe/200000/upper/0158XRYK,200000,1
786,RZ69JRI9,upper,/home/htaucare/Tesis_Amaro/data/Teeth_3ds/processed_struct_safe/200000/upper/RZ69JRI9,200000,1
346,3IAO5RVQ,upper,/home/htaucare/Tesis_Amaro/data/Teeth_3ds/processed_struct_safe/200000/upper/3IAO5RVQ,200000,0
657,K23X2RAU,upper,/home/htaucare/Tesis_Amaro/data/Teeth_3ds/processed_struct_safe/200000/upper/K23X2RAU,200000,1
310,1QHIL7V2,upper,/home/htaucare/Tesis_Amaro/data/Teeth_3ds/processed_struct_safe/200000/upper/1QHIL7V2,200000,1
442,8SLVB1AH,upper,/home/htaucare/Tesis_Amaro/data/Teeth_3ds/processed_struct_safe/200000/upper/8SLVB1AH,200000,1
334,2U54CEI3,upper,/home/htaucare/Tesis_Amaro/data/Teeth_3ds/processed_struct_safe/200000/upper/2U54CEI3,200000,1
88,016KWDMV,upper,/home/htaucare/Tesis_Amaro/data/Teeth_3ds/processed_struct_safe/200000/upper/016KWDMV,200000,1
250,01KK775H,upper,/home/htaucare/Tesis_Amaro/data/Teeth_3ds/processed_struct_safe/200000/upper/01KK775H,200000,1
477,AV3JBM98,upper,/home/htaucare/Tesis_Amaro/data/Teeth_3ds/processed_struct_safe/200000/upper/AV3JBM98,200000,1
935,ZD89X7G1,upper,/home/htaucare/Tesis_Amaro/data/Teeth_3ds/processed_struct_safe/200000/upper/ZD89X7G1,200000,1
656,JY7F4AAF,upper,/home/htaucare/Tesis_Amaro/data/Teeth_3ds/processed_struct_safe/200000/upper/JY7F4AAF,200000,1
440,8OHPQ7X8,upper,/home/htaucare/Tesis_Amaro/data/Teeth_3ds/processed_struct_safe/200000/upper/8OHPQ7X8,200000,1
261,01M10NMV,upper,/home/htaucare/Tesis_Amaro/data/Teeth_3ds/processed_struct_safe/200000/upper/01M10NMV,200000,1
506,CBSF6Q84,upper,/home/htaucare/Tesis_Amaro/data/Teeth_3ds/processed_struct_safe/200000/upper/CBSF6Q84,200000,1
682,L9EKTZMV,upper,/home/htaucare/Tesis_Amaro/data/Teeth_3ds/processed_struct_safe/200000/upper/L9EKTZMV,200000,1
541,DRCZLIQA,upper,/home/htaucare/Tesis_Amaro/data/Teeth_3ds/processed_struct_safe/200000/upper/DRCZLIQA,200000,0
900,XH94C2GV,upper,/home/htaucare/Tesis_Amaro/data/Teeth_3ds/processed_struct_safe/200000/upper/XH94C2GV,200000,1
855,VQENDTP2,upper,/home/htaucare/Tesis_Amaro/data/Teeth_3ds/processed_struct_safe/200000/upper/VQENDTP2,200000,1
759,Q21I52KT,upper,/home/htaucare/Tesis_Amaro/data/Teeth_3ds/processed_struct_safe/200000/upper/Q21I52KT,200000,1
829,UJ6IAKFD,upper,/home/htaucare/Tesis_Amaro/data/Teeth_3ds/processed_struct_safe/200000/upper/UJ6IAKFD,200000,1
658,K2T9J4YW,upper,/home/htaucare/Tesis_Amaro/data/Teeth_3ds/processed_struct_safe/200000/upper/K2T9J4YW,200000,1
830,UJPJ175B,upper,/home/htaucare/Tesis_Amaro/data/Teeth_3ds/processed_struct_safe/200000/upper/UJPJ175B,200000,1
168,01E5PXS8,upper,/home/htaucare/Tesis_Amaro/data/Teeth_3ds/processed_struct_safe/200000/upper/01E5PXS8,200000,1
669,KHLZKW97,upper,/home/htaucare/Tesis_Amaro/data/Teeth_3ds/processed_struct_safe/200000/upper/KHLZKW97,200000,1
807,SZQ66Y5A,upper,/home/htaucare/Tesis_Amaro/data/Teeth_3ds/processed_struct_safe/200000/upper/SZQ66Y5A,200000,1
530,DG27PDD4,upper,/home/htaucare/Tesis_Amaro/data/Teeth_3ds/processed_struct_safe/200000/upper/DG27PDD4,200000,1
513,CQZX40I5,upper,/home/htaucare/Tesis_Amaro/data/Teeth_3ds/processed_struct_safe/200000/upper/CQZX40I5,200000,1
344,3FPBITVG,upper,/home/htaucare/Tesis_Amaro/data/Teeth_3ds/processed_struct_safe/200000/upper/3FPBITVG,200000,0
342,3EIXXI7Z,upper,/home/htaucare/Tesis_Amaro/data/Teeth_3ds/processed_struct_safe/200000/upper/3EIXXI7Z,200000,1
889,XA2VLAUJ,upper,/home/htaucare/Tesis_Amaro/data/Teeth_3ds/processed_struct_safe/200000/upper/XA2VLAUJ,200000,1
72,015RM178,upper,/home/htaucare/Tesis_Amaro/data/Teeth_3ds/processed_struct_safe/200000/upper/015RM178,200000,1
542,DVVHA02D,upper,/home/htaucare/Tesis_Amaro/data/Teeth_3ds/processed_struct_safe/200000/upper/DVVHA02D,200000,1
44,014RZUKF,upper,/home/htaucare/Tesis_Amaro/data/Teeth_3ds/processed_struct_safe/200000/upper/014RZUKF,200000,1
945,baliwish,upper,/home/htaucare/Tesis_Amaro/data/Teeth_3ds/processed_struct_safe/200000/upper/baliwish,200000,1
412,6VX3OJFR,upper,/home/htaucare/Tesis_Amaro/data/Teeth_3ds/processed_struct_safe/200000/upper/6VX3OJFR,200000,1
596,GSHA8E4C,upper,/home/htaucare/Tesis_Amaro/data/Teeth_3ds/processed_struct_safe/200000/upper/GSHA8E4C,200000,1
247,01KEV6ET,upper,/home/htaucare/Tesis_Amaro/data/Teeth_3ds/processed_struct_safe/200000/upper/01KEV6ET,200000,1
877,WTZ3ZI3U,upper,/home/htaucare/Tesis_Amaro/data/Teeth_3ds/processed_struct_safe/200000/upper/WTZ3ZI3U,200000,1
265,01M6GFPV,upper,/home/htaucare/Tesis_Amaro/data/Teeth_3ds/processed_struct_safe/200000/upper/01M6GFPV,200000,1
912,Y8BV16EI,upper,/home/htaucare/Tesis_Amaro/data/Teeth_3ds/processed_struct_safe/200000/upper/Y8BV16EI,200000,1
213,01G1KN8Z,upper,/home/htaucare/Tesis_Amaro/data/Teeth_3ds/processed_struct_safe/200000/upper/01G1KN8Z,200000,1
296,0VYQUKGQ,upper,/home/htaucare/Tesis_Amaro/data/Teeth_3ds/processed_struct_safe/200000/upper/0VYQUKGQ,200000,1
481,AYSCFCO8,upper,/home/htaucare/Tesis_Amaro/data/Teeth_3ds/processed_struct_safe/200000/upper/AYSCFCO8,200000,1
316,22AEG48N,upper,/home/htaucare/Tesis_Amaro/data/Teeth_3ds/processed_struct_safe/200000/upper/22AEG48N,200000,1
319,234EFPRY,upper,/home/htaucare/Tesis_Amaro/data/Teeth_3ds/processed_struct_safe/200000/upper/234EFPRY,200000,0
714,N9K2UFAU,upper,/home/htaucare/Tesis_Amaro/data/Teeth_3ds/processed_struct_safe/200000/upper/N9K2UFAU,200000,1
120,018XZVD6,upper,/home/htaucare/Tesis_Amaro/data/Teeth_3ds/processed_struct_safe/200000/upper/018XZVD6,200000,1
351,3PBLPI5H,upper,/home/htaucare/Tesis_Amaro/data/Teeth_3ds/processed_struct_safe/200000/upper/3PBLPI5H,200000,0
861,VY1R353X,upper,/home/htaucare/Tesis_Amaro/data/Teeth_3ds/processed_struct_safe/200000/upper/VY1R353X,200000,1
735,OO75RHX3,upper,/home/htaucare/Tesis_Amaro/data/Teeth_3ds/processed_struct_safe/200000/upper/OO75RHX3,200000,1
732,OGQI7QQX,upper,/home/htaucare/Tesis_Amaro/data/Teeth_3ds/processed_struct_safe/200000/upper/OGQI7QQX,200000,1
892,XC6ID68Q,upper,/home/htaucare/Tesis_Amaro/data/Teeth_3ds/processed_struct_safe/200000/upper/XC6ID68Q,200000,1
309,1MWJLE4X,upper,/home/htaucare/Tesis_Amaro/data/Teeth_3ds/processed_struct_safe/200000/upper/1MWJLE4X,200000,1
448,949XHLS5,upper,/home/htaucare/Tesis_Amaro/data/Teeth_3ds/processed_struct_safe/200000/upper/949XHLS5,200000,1
60,0155EZ2V,upper,/home/htaucare/Tesis_Amaro/data/Teeth_3ds/processed_struct_safe/200000/upper/0155EZ2V,200000,1
286,0KIUZ4G5,upper,/home/htaucare/Tesis_Amaro/data/Teeth_3ds/processed_struct_safe/200000/upper/0KIUZ4G5,200000,1
838,UX9MEDVJ,upper,/home/htaucare/Tesis_Amaro/data/Teeth_3ds/processed_struct_safe/200000/upper/UX9MEDVJ,200000,1
819,TZRY3HIX,upper,/home/htaucare/Tesis_Amaro/data/Teeth_3ds/processed_struct_safe/200000/upper/TZRY3HIX,200000,1
218,01HMZ9RN,upper,/home/htaucare/Tesis_Amaro/data/Teeth_3ds/processed_struct_safe/200000/upper/01HMZ9RN,200000,1
572,FGXB4D4K,upper,/home/htaucare/Tesis_Amaro/data/Teeth_3ds/processed_struct_safe/200000/upper/FGXB4D4K,200000,1
430,82D9U6D6,upper,/home/htaucare/Tesis_Amaro/data/Teeth_3ds/processed_struct_safe/200000/upper/82D9U6D6,200000,1
66,015DTXR8,upper,/home/htaucare/Tesis_Amaro/data/Teeth_3ds/processed_struct_safe/200000/upper/015DTXR8,200000,1
359,445NYGF7,upper,/home/htaucare/Tesis_Amaro/data/Teeth_3ds/processed_struct_safe/200000/upper/445NYGF7,200000,0
720,NV3U6JM9,upper,/home/htaucare/Tesis_Amaro/data/Teeth_3ds/processed_struct_safe/200000/upper/NV3U6JM9,200000,1
528,DFF7889A,upper,/home/htaucare/Tesis_Amaro/data/Teeth_3ds/processed_struct_safe/200000/upper/DFF7889A,200000,0
467,AEOQ4Q9Q,upper,/home/htaucare/Tesis_Amaro/data/Teeth_3ds/processed_struct_safe/200000/upper/AEOQ4Q9Q,200000,1
582,G29MBJ1O,upper,/home/htaucare/Tesis_Amaro/data/Teeth_3ds/processed_struct_safe/200000/upper/G29MBJ1O,200000,1
478,AVI68NCT,upper,/home/htaucare/Tesis_Amaro/data/Teeth_3ds/processed_struct_safe/200000/upper/AVI68NCT,200000,1
110,017U3R3T,upper,/home/htaucare/Tesis_Amaro/data/Teeth_3ds/processed_struct_safe/200000/upper/017U3R3T,200000,1
765,QF3P9YRI,upper,/home/htaucare/Tesis_Amaro/data/Teeth_3ds/processed_struct_safe/200000/upper/QF3P9YRI,200000,1
433,87ILJ6BK,upper,/home/htaucare/Tesis_Amaro/data/Teeth_3ds/processed_struct_safe/200000/upper/87ILJ6BK,200000,1
302,14M656LK,upper,/home/htaucare/Tesis_Amaro/data/Teeth_3ds/processed_struct_safe/200000/upper/14M656LK,200000,1
905,XNEIPJH8,upper,/home/htaucare/Tesis_Amaro/data/Teeth_3ds/processed_struct_safe/200000/upper/XNEIPJH8,200000,1
208,01FX4X4R,upper,/home/htaucare/Tesis_Amaro/data/Teeth_3ds/processed_struct_safe/200000/upper/01FX4X4R,200000,1
613,HLA5ODT6,upper,/home/htaucare/Tesis_Amaro/data/Teeth_3ds/processed_struct_safe/200000/upper/HLA5ODT6,200000,1
361,460C7711,upper,/home/htaucare/Tesis_Amaro/data/Teeth_3ds/processed_struct_safe/200000/upper/460C7711,200000,1
817,TVSR5QBQ,upper,/home/htaucare/Tesis_Amaro/data/Teeth_3ds/processed_struct_safe/200000/upper/TVSR5QBQ,200000,1
594,GQVB6SDM,upper,/home/htaucare/Tesis_Amaro/data/Teeth_3ds/processed_struct_safe/200000/upper/GQVB6SDM,200000,0
667,KBN31K7D,upper,/home/htaucare/Tesis_Amaro/data/Teeth_3ds/processed_struct_safe/200000/upper/KBN31K7D,200000,1
593,GPADPK3N,upper,/home/htaucare/Tesis_Amaro/data/Teeth_3ds/processed_struct_safe/200000/upper/GPADPK3N,200000,1
137,019T94KX,upper,/home/htaucare/Tesis_Amaro/data/Teeth_3ds/processed_struct_safe/200000/upper/019T94KX,200000,1
318,233LFZAG,upper,/home/htaucare/Tesis_Amaro/data/Teeth_3ds/processed_struct_safe/200000/upper/233LFZAG,200000,0
680,L7Z4TSKP,upper,/home/htaucare/Tesis_Amaro/data/Teeth_3ds/processed_struct_safe/200000/upper/L7Z4TSKP,200000,1
333,2TPJ3FG9,upper,/home/htaucare/Tesis_Amaro/data/Teeth_3ds/processed_struct_safe/200000/upper/2TPJ3FG9,200000,1
712,N53MDM0A,upper,/home/htaucare/Tesis_Amaro/data/Teeth_3ds/processed_struct_safe/200000/upper/N53MDM0A,200000,1
192,01FC2D4A,upper,/home/htaucare/Tesis_Amaro/data/Teeth_3ds/processed_struct_safe/200000/upper/01FC2D4A,200000,1
526,DC8VMT30,upper,/home/htaucare/Tesis_Amaro/data/Teeth_3ds/processed_struct_safe/200000/upper/DC8VMT30,200000,1
158,01AS003D,upper,/home/htaucare/Tesis_Amaro/data/Teeth_3ds/processed_struct_safe/200000/upper/01AS003D,200000,1
591,GNR6QR3P,upper,/home/htaucare/Tesis_Amaro/data/Teeth_3ds/processed_struct_safe/200000/upper/GNR6QR3P,200000,1
688,LHP32GAK,upper,/home/htaucare/Tesis_Amaro/data/Teeth_3ds/processed_struct_safe/200000/upper/LHP32GAK,200000,1
311,1QI2XWMD,upper,/home/htaucare/Tesis_Amaro/data/Teeth_3ds/processed_struct_safe/200000/upper/1QI2XWMD,200000,1
78,015XE9MT,upper,/home/htaucare/Tesis_Amaro/data/Teeth_3ds/processed_struct_safe/200000/upper/015XE9MT,200000,1
235,01JNZKAX,upper,/home/htaucare/Tesis_Amaro/data/Teeth_3ds/processed_struct_safe/200000/upper/01JNZKAX,200000,1
899,XGTCZ6LH,upper,/home/htaucare/Tesis_Amaro/data/Teeth_3ds/processed_struct_safe/200000/upper/XGTCZ6LH,200000,1
523,D8FLAW28,upper,/home/htaucare/Tesis_Amaro/data/Teeth_3ds/processed_struct_safe/200000/upper/D8FLAW28,200000,1
823,U8V34P1M,upper,/home/htaucare/Tesis_Amaro/data/Teeth_3ds/processed_struct_safe/200000/upper/U8V34P1M,200000,1
611,HJ9PT4DQ,upper,/home/htaucare/Tesis_Amaro/data/Teeth_3ds/processed_struct_safe/200000/upper/HJ9PT4DQ,200000,1
532,DHS59TDF,upper,/home/htaucare/Tesis_Amaro/data/Teeth_3ds/processed_struct_safe/200000/upper/DHS59TDF,200000,1
417,78WMB1PB,upper,/home/htaucare/Tesis_Amaro/data/Teeth_3ds/processed_struct_safe/200000/upper/78WMB1PB,200000,1
65,015DK78F,upper,/home/htaucare/Tesis_Amaro/data/Teeth_3ds/processed_struct_safe/200000/upper/015DK78F,200000,1
141,019Z57FF,upper,/home/htaucare/Tesis_Amaro/data/Teeth_3ds/processed_struct_safe/200000/upper/019Z57FF,200000,1
893,XCBAJJUV,upper,/home/htaucare/Tesis_Amaro/data/Teeth_3ds/processed_struct_safe/200000/upper/XCBAJJUV,200000,1
357,3XXKPMWE,upper,/home/htaucare/Tesis_Amaro/data/Teeth_3ds/processed_struct_safe/200000/upper/3XXKPMWE,200000,1
780,RMZC48A0,upper,/home/htaucare/Tesis_Amaro/data/Teeth_3ds/processed_struct_safe/200000/upper/RMZC48A0,200000,1
743,P2XZ9Q6L,upper,/home/htaucare/Tesis_Amaro/data/Teeth_3ds/processed_struct_safe/200000/upper/P2XZ9Q6L,200000,1
687,LGADV15G,upper,/home/htaucare/Tesis_Amaro/data/Teeth_3ds/processed_struct_safe/200000/upper/LGADV15G,200000,1
355,3SVY023X,upper,/home/htaucare/Tesis_Amaro/data/Teeth_3ds/processed_struct_safe/200000/upper/3SVY023X,200000,1
878,X0DGDJA3,upper,/home/htaucare/Tesis_Amaro/data/Teeth_3ds/processed_struct_safe/200000/upper/X0DGDJA3,200000,1
314,20AHRBL3,upper,/home/htaucare/Tesis_Amaro/data/Teeth_3ds/processed_struct_safe/200000/upper/20AHRBL3,200000,1
587,GBRCT97W,upper,/home/htaucare/Tesis_Amaro/data/Teeth_3ds/processed_struct_safe/200000/upper/GBRCT97W,200000,1
49,014Z1E5D,upper,/home/htaucare/Tesis_Amaro/data/Teeth_3ds/processed_struct_safe/200000/upper/014Z1E5D,200000,1
692,LOVM549U,upper,/home/htaucare/Tesis_Amaro/data/Teeth_3ds/processed_struct_safe/200000/upper/LOVM549U,200000,1
820,U0YVRCMS,upper,/home/htaucare/Tesis_Amaro/data/Teeth_3ds/processed_struct_safe/200000/upper/U0YVRCMS,200000,1
749,PJMBC3TB,upper,/home/htaucare/Tesis_Amaro/data/Teeth_3ds/processed_struct_safe/200000/upper/PJMBC3TB,200000,0
857,VR3UZPCR,upper,/home/htaucare/Tesis_Amaro/data/Teeth_3ds/processed_struct_safe/200000/upper/VR3UZPCR,200000,1
501,C4LOTSKE,upper,/home/htaucare/Tesis_Amaro/data/Teeth_3ds/processed_struct_safe/200000/upper/C4LOTSKE,200000,1
928,Z4CBCCVE,upper,/home/htaucare/Tesis_Amaro/data/Teeth_3ds/processed_struct_safe/200000/upper/Z4CBCCVE,200000,1
944,ameziani,upper,/home/htaucare/Tesis_Amaro/data/Teeth_3ds/processed_struct_safe/200000/upper/ameziani,200000,1
787,S0AON6PZ,upper,/home/htaucare/Tesis_Amaro/data/Teeth_3ds/processed_struct_safe/200000/upper/S0AON6PZ,200000,1
598,GUQJRTL9,upper,/home/htaucare/Tesis_Amaro/data/Teeth_3ds/processed_struct_safe/200000/upper/GUQJRTL9,200000,0
33,0148VUFR,upper,/home/htaucare/Tesis_Amaro/data/Teeth_3ds/processed_struct_safe/200000/upper/0148VUFR,200000,1
31,0145NKWZ,upper,/home/htaucare/Tesis_Amaro/data/Teeth_3ds/processed_struct_safe/200000/upper/0145NKWZ,200000,1
710,MXWIBTGF,upper,/home/htaucare/Tesis_Amaro/data/Teeth_3ds/processed_struct_safe/200000/upper/MXWIBTGF,200000,1
298,12MM6PD7,upper,/home/htaucare/Tesis_Amaro/data/Teeth_3ds/processed_struct_safe/200000/upper/12MM6PD7,200000,1
936,ZELRVD3C,upper,/home/htaucare/Tesis_Amaro/data/Teeth_3ds/processed_struct_safe/200000/upper/ZELRVD3C,200000,1
290,0O4502M7,upper,/home/htaucare/Tesis_Amaro/data/Teeth_3ds/processed_struct_safe/200000/upper/0O4502M7,200000,1
544,DXNHHADD,upper,/home/htaucare/Tesis_Amaro/data/Teeth_3ds/processed_struct_safe/200000/upper/DXNHHADD,200000,1
275,07ZWIO50,upper,/home/htaucare/Tesis_Amaro/data/Teeth_3ds/processed_struct_safe/200000/upper/07ZWIO50,200000,1
109,017U1TED,upper,/home/htaucare/Tesis_Amaro/data/Teeth_3ds/processed_struct_safe/200000/upper/017U1TED,200000,1
77,015WYXSK,upper,/home/htaucare/Tesis_Amaro/data/Teeth_3ds/processed_struct_safe/200000/upper/015WYXSK,200000,1
705,MHG8FM6A,upper,/home/htaucare/Tesis_Amaro/data/Teeth_3ds/processed_struct_safe/200000/upper/MHG8FM6A,200000,1
784,RWZ7MK1G,upper,/home/htaucare/Tesis_Amaro/data/Teeth_3ds/processed_struct_safe/200000/upper/RWZ7MK1G,200000,1
82,0166M778,upper,/home/htaucare/Tesis_Amaro/data/Teeth_3ds/processed_struct_safe/200000/upper/0166M778,200000,1
615,HPVH85IJ,upper,/home/htaucare/Tesis_Amaro/data/Teeth_3ds/processed_struct_safe/200000/upper/HPVH85IJ,200000,1
740,OSZV3Q38,upper,/home/htaucare/Tesis_Amaro/data/Teeth_3ds/processed_struct_safe/200000/upper/OSZV3Q38,200000,1
911,Y48DURWV,upper,/home/htaucare/Tesis_Amaro/data/Teeth_3ds/processed_struct_safe/200000/upper/Y48DURWV,200000,1
352,3PLVMF2P,upper,/home/htaucare/Tesis_Amaro/data/Teeth_3ds/processed_struct_safe/200000/upper/3PLVMF2P,200000,1
2,0132CR0A,upper,/home/htaucare/Tesis_Amaro/data/Teeth_3ds/processed_struct_safe/200000/upper/0132CR0A,200000,1
101,0175MHGN,upper,/home/htaucare/Tesis_Amaro/data/Teeth_3ds/processed_struct_safe/200000/upper/0175MHGN,200000,1
751,PKVZEFCD,upper,/home/htaucare/Tesis_Amaro/data/Teeth_3ds/processed_struct_safe/200000/upper/PKVZEFCD,200000,1
428,7QW884Y4,upper,/home/htaucare/Tesis_Amaro/data/Teeth_3ds/processed_struct_safe/200000/upper/7QW884Y4,200000,1
538,DNDYES9U,upper,/home/htaucare/Tesis_Amaro/data/Teeth_3ds/processed_struct_safe/200000/upper/DNDYES9U,200000,1
5,013475VT,upper,/home/htaucare/Tesis_Amaro/data/Teeth_3ds/processed_struct_safe/200000/upper/013475VT,200000,1
54,0151RHMK,upper,/home/htaucare/Tesis_Amaro/data/Teeth_3ds/processed_struct_safe/200000/upper/0151RHMK,200000,1
468,AG7BV5B1,upper,/home/htaucare/Tesis_Amaro/data/Teeth_3ds/processed_struct_safe/200000/upper/AG7BV5B1,200000,0
828,UHV31TFH,upper,/home/htaucare/Tesis_Amaro/data/Teeth_3ds/processed_struct_safe/200000/upper/UHV31TFH,200000,1
514,CR6E6PTV,upper,/home/htaucare/Tesis_Amaro/data/Teeth_3ds/processed_struct_safe/200000/upper/CR6E6PTV,200000,1
664,K9X2TVDE,upper,/home/htaucare/Tesis_Amaro/data/Teeth_3ds/processed_struct_safe/200000/upper/K9X2TVDE,200000,1
97,016XWJ8X,upper,/home/htaucare/Tesis_Amaro/data/Teeth_3ds/processed_struct_safe/200000/upper/016XWJ8X,200000,1
254,01KRESY6,upper,/home/htaucare/Tesis_Amaro/data/Teeth_3ds/processed_struct_safe/200000/upper/01KRESY6,200000,1
382,54RS4WY0,upper,/home/htaucare/Tesis_Amaro/data/Teeth_3ds/processed_struct_safe/200000/upper/54RS4WY0,200000,1
499,C3TQ47Z0,upper,/home/htaucare/Tesis_Amaro/data/Teeth_3ds/processed_struct_safe/200000/upper/C3TQ47Z0,200000,1
605,H8RSX6T2,upper,/home/htaucare/Tesis_Amaro/data/Teeth_3ds/processed_struct_safe/200000/upper/H8RSX6T2,200000,1
910,XYCYM84N,upper,/home/htaucare/Tesis_Amaro/data/Teeth_3ds/processed_struct_safe/200000/upper/XYCYM84N,200000,1
497,BWWLPBF7,upper,/home/htaucare/Tesis_Amaro/data/Teeth_3ds/processed_struct_safe/200000/upper/BWWLPBF7,200000,1
695,LUQGC700,upper,/home/htaucare/Tesis_Amaro/data/Teeth_3ds/processed_struct_safe/200000/upper/LUQGC700,200000,1
825,UAO672OA,upper,/home/htaucare/Tesis_Amaro/data/Teeth_3ds/processed_struct_safe/200000/upper/UAO672OA,200000,1
25,0140W3ND,upper,/home/htaucare/Tesis_Amaro/data/Teeth_3ds/processed_struct_safe/200000/upper/0140W3ND,200000,1
84,016A053T,upper,/home/htaucare/Tesis_Amaro/data/Teeth_3ds/processed_struct_safe/200000/upper/016A053T,200000,1
10,013JX8W4,upper,/home/htaucare/Tesis_Amaro/data/Teeth_3ds/processed_struct_safe/200000/upper/013JX8W4,200000,1
588,GE7LXGDG,upper,/home/htaucare/Tesis_Amaro/data/Teeth_3ds/processed_struct_safe/200000/upper/GE7LXGDG,200000,1
853,VNM3GH9Z,upper,/home/htaucare/Tesis_Amaro/data/Teeth_3ds/processed_struct_safe/200000/upper/VNM3GH9Z,200000,1
408,6PTI2HX6,upper,/home/htaucare/Tesis_Amaro/data/Teeth_3ds/processed_struct_safe/200000/upper/6PTI2HX6,200000,1
803,SMP891U8,upper,/home/htaucare/Tesis_Amaro/data/Teeth_3ds/processed_struct_safe/200000/upper/SMP891U8,200000,1
599,GW8YVYNF,upper,/home/htaucare/Tesis_Amaro/data/Teeth_3ds/processed_struct_safe/200000/upper/GW8YVYNF,200000,1
444,8WZSZBYG,upper,/home/htaucare/Tesis_Amaro/data/Teeth_3ds/processed_struct_safe/200000/upper/8WZSZBYG,200000,1
118,018VF1PV,upper,/home/htaucare/Tesis_Amaro/data/Teeth_3ds/processed_struct_safe/200000/upper/018VF1PV,200000,1
326,2CE5VDAE,upper,/home/htaucare/Tesis_Amaro/data/Teeth_3ds/processed_struct_safe/200000/upper/2CE5VDAE,200000,1
545,E0CUCLHY,upper,/home/htaucare/Tesis_Amaro/data/Teeth_3ds/processed_struct_safe/200000/upper/E0CUCLHY,200000,1
29,0142CYK4,upper,/home/htaucare/Tesis_Amaro/data/Teeth_3ds/processed_struct_safe/200000/upper/0142CYK4,200000,1
55,01533UH2,upper,/home/htaucare/Tesis_Amaro/data/Teeth_3ds/processed_struct_safe/200000/upper/01533UH2,200000,1
630,IAKXN91M,upper,/home/htaucare/Tesis_Amaro/data/Teeth_3ds/processed_struct_safe/200000/upper/IAKXN91M,200000,1
327,2DZ821ZJ,upper,/home/htaucare/Tesis_Amaro/data/Teeth_3ds/processed_struct_safe/200000/upper/2DZ821ZJ,200000,1
628,I9OKVRWS,upper,/home/htaucare/Tesis_Amaro/data/Teeth_3ds/processed_struct_safe/200000/upper/I9OKVRWS,200000,1
456,9RXZC3H4,upper,/home/htaucare/Tesis_Amaro/data/Teeth_3ds/processed_struct_safe/200000/upper/9RXZC3H4,200000,1
196,01FJT0PR,upper,/home/htaucare/Tesis_Amaro/data/Teeth_3ds/processed_struct_safe/200000/upper/01FJT0PR,200000,1
697,M357DNS7,upper,/home/htaucare/Tesis_Amaro/data/Teeth_3ds/processed_struct_safe/200000/upper/M357DNS7,200000,1
81,01661EUZ,upper,/home/htaucare/Tesis_Amaro/data/Teeth_3ds/processed_struct_safe/200000/upper/01661EUZ,200000,1
847,VCVHV931,upper,/home/htaucare/Tesis_Amaro/data/Teeth_3ds/processed_struct_safe/200000/upper/VCVHV931,200000,1
423,7IGA0W6E,upper,/home/htaucare/Tesis_Amaro/data/Teeth_3ds/processed_struct_safe/200000/upper/7IGA0W6E,200000,1
589,GG5ARUVQ,upper,/home/htaucare/Tesis_Amaro/data/Teeth_3ds/processed_struct_safe/200000/upper/GG5ARUVQ,200000,1
305,1EC2MSZR,upper,/home/htaucare/Tesis_Amaro/data/Teeth_3ds/processed_struct_safe/200000/upper/1EC2MSZR,200000,1
834,UMX6HCJP,upper,/home/htaucare/Tesis_Amaro/data/Teeth_3ds/processed_struct_safe/200000/upper/UMX6HCJP,200000,0
239,01K17AN8,upper,/home/htaucare/Tesis_Amaro/data/Teeth_3ds/processed_struct_safe/200000/upper/01K17AN8,200000,1
260,01M0RWA6,upper,/home/htaucare/Tesis_Amaro/data/Teeth_3ds/processed_struct_safe/200000/upper/01M0RWA6,200000,1
204,01FUXUMF,upper,/home/htaucare/Tesis_Amaro/data/Teeth_3ds/processed_struct_safe/200000/upper/01FUXUMF,200000,1
211,01G1AKV2,upper,/home/htaucare/Tesis_Amaro/data/Teeth_3ds/processed_struct_safe/200000/upper/01G1AKV2,200000,1
244,01KC08MV,upper,/home/htaucare/Tesis_Amaro/data/Teeth_3ds/processed_struct_safe/200000/upper/01KC08MV,200000,1
575,FJS5HCDU,upper,/home/htaucare/Tesis_Amaro/data/Teeth_3ds/processed_struct_safe/200000/upper/FJS5HCDU,200000,1
906,XNNFHCFV,upper,/home/htaucare/Tesis_Amaro/data/Teeth_3ds/processed_struct_safe/200000/upper/XNNFHCFV,200000,1
321,270KABNB,upper,/home/htaucare/Tesis_Amaro/data/Teeth_3ds/processed_struct_safe/200000/upper/270KABNB,200000,1
947,mccarthy,upper,/home/htaucare/Tesis_Amaro/data/Teeth_3ds/processed_struct_safe/200000/upper/mccarthy,200000,1
227,01J54NZ0,upper,/home/htaucare/Tesis_Amaro/data/Teeth_3ds/processed_struct_safe/200000/upper/01J54NZ0,200000,1
813,THGBYHX3,upper,/home/htaucare/Tesis_Amaro/data/Teeth_3ds/processed_struct_safe/200000/upper/THGBYHX3,200000,1
655,JXVWXY0L,upper,/home/htaucare/Tesis_Amaro/data/Teeth_3ds/processed_struct_safe/200000/upper/JXVWXY0L,200000,1
758,Q0OAV7SF,upper,/home/htaucare/Tesis_Amaro/data/Teeth_3ds/processed_struct_safe/200000/upper/Q0OAV7SF,200000,0
447,92NOTURU,upper,/home/htaucare/Tesis_Amaro/data/Teeth_3ds/processed_struct_safe/200000/upper/92NOTURU,200000,1
350,3OHU0Q5V,upper,/home/htaucare/Tesis_Amaro/data/Teeth_3ds/processed_struct_safe/200000/upper/3OHU0Q5V,200000,1
323,28Q7CM3T,upper,/home/htaucare/Tesis_Amaro/data/Teeth_3ds/processed_struct_safe/200000/upper/28Q7CM3T,200000,1
436,8BA4388V,upper,/home/htaucare/Tesis_Amaro/data/Teeth_3ds/processed_struct_safe/200000/upper/8BA4388V,200000,1
377,4W452HMK,upper,/home/htaucare/Tesis_Amaro/data/Teeth_3ds/processed_struct_safe/200000/upper/4W452HMK,200000,0
328,2GB3W1J0,upper,/home/htaucare/Tesis_Amaro/data/Teeth_3ds/processed_struct_safe/200000/upper/2GB3W1J0,200000,1
7,013FWKMZ,upper,/home/htaucare/Tesis_Amaro/data/Teeth_3ds/processed_struct_safe/200000/upper/013FWKMZ,200000,1
155,01ADYT70,upper,/home/htaucare/Tesis_Amaro/data/Teeth_3ds/processed_struct_safe/200000/upper/01ADYT70,200000,1
519,CXAJM3O9,upper,/home/htaucare/Tesis_Amaro/data/Teeth_3ds/processed_struct_safe/200000/upper/CXAJM3O9,200000,1
429,80RPZWJT,upper,/home/htaucare/Tesis_Amaro/data/Teeth_3ds/processed_struct_safe/200000/upper/80RPZWJT,200000,1
734,OLS97NA3,upper,/home/htaucare/Tesis_Amaro/data/Teeth_3ds/processed_struct_safe/200000/upper/OLS97NA3,200000,1
741,P0LH5JC8,upper,/home/htaucare/Tesis_Amaro/data/Teeth_3ds/processed_struct_safe/200000/upper/P0LH5JC8,200000,0
557,EJWZZZRF,upper,/home/htaucare/Tesis_Amaro/data/Teeth_3ds/processed_struct_safe/200000/upper/EJWZZZRF,200000,1
299,13AFGBBC,upper,/home/htaucare/Tesis_Amaro/data/Teeth_3ds/processed_struct_safe/200000/upper/13AFGBBC,200000,1
547,E1OLNXQ5,upper,/home/htaucare/Tesis_Amaro/data/Teeth_3ds/processed_struct_safe/200000/upper/E1OLNXQ5,200000,1
885,X7Z33TIA,upper,/home/htaucare/Tesis_Amaro/data/Teeth_3ds/processed_struct_safe/200000/upper/X7Z33TIA,200000,1
370,4O6ZE6F3,upper,/home/htaucare/Tesis_Amaro/data/Teeth_3ds/processed_struct_safe/200000/upper/4O6ZE6F3,200000,1
925,YVGEP1R6,upper,/home/htaucare/Tesis_Amaro/data/Teeth_3ds/processed_struct_safe/200000/upper/YVGEP1R6,200000,1
552,EA8SBGX4,upper,/home/htaucare/Tesis_Amaro/data/Teeth_3ds/processed_struct_safe/200000/upper/EA8SBGX4,200000,1
679,L428SD7J,upper,/home/htaucare/Tesis_Amaro/data/Teeth_3ds/processed_struct_safe/200000/upper/L428SD7J,200000,1
617,HSY4YB1J,upper,/home/htaucare/Tesis_Amaro/data/Teeth_3ds/processed_struct_safe/200000/upper/HSY4YB1J,200000,1
404,6KPUNI4X,upper,/home/htaucare/Tesis_Amaro/data/Teeth_3ds/processed_struct_safe/200000/upper/6KPUNI4X,200000,1
228,01J9AXDD,upper,/home/htaucare/Tesis_Amaro/data/Teeth_3ds/processed_struct_safe/200000/upper/01J9AXDD,200000,1
886,X8I1PX6F,upper,/home/htaucare/Tesis_Amaro/data/Teeth_3ds/processed_struct_safe/200000/upper/X8I1PX6F,200000,1
694,LSMGKLAH,upper,/home/htaucare/Tesis_Amaro/data/Teeth_3ds/processed_struct_safe/200000/upper/LSMGKLAH,200000,1
212,01G1GYUF,upper,/home/htaucare/Tesis_Amaro/data/Teeth_3ds/processed_struct_safe/200000/upper/01G1GYUF,200000,1
79,0160NTKK,upper,/home/htaucare/Tesis_Amaro/data/Teeth_3ds/processed_struct_safe/200000/upper/0160NTKK,200000,1
148,01A6H4PZ,upper,/home/htaucare/Tesis_Amaro/data/Teeth_3ds/processed_struct_safe/200000/upper/01A6H4PZ,200000,1
292,0OTKQ5J9,upper,/home/htaucare/Tesis_Amaro/data/Teeth_3ds/processed_struct_safe/200000/upper/0OTKQ5J9,200000,1
451,9KDRM0A8,upper,/home/htaucare/Tesis_Amaro/data/Teeth_3ds/processed_struct_safe/200000/upper/9KDRM0A8,200000,1
306,1FJ3MLSY,upper,/home/htaucare/Tesis_Amaro/data/Teeth_3ds/processed_struct_safe/200000/upper/1FJ3MLSY,200000,1
432,85ARPPFY,upper,/home/htaucare/Tesis_Amaro/data/Teeth_3ds/processed_struct_safe/200000/upper/85ARPPFY,200000,1
876,WRT7Y7P9,upper,/home/htaucare/Tesis_Amaro/data/Teeth_3ds/processed_struct_safe/200000/upper/WRT7Y7P9,200000,1
133,019NTT78,upper,/home/htaucare/Tesis_Amaro/data/Teeth_3ds/processed_struct_safe/200000/upper/019NTT78,200000,1
521,CZ0XDR02,upper,/home/htaucare/Tesis_Amaro/data/Teeth_3ds/processed_struct_safe/200000/upper/CZ0XDR02,200000,1
839,V4CI6LT2,upper,/home/htaucare/Tesis_Amaro/data/Teeth_3ds/processed_struct_safe/200000/upper/V4CI6LT2,200000,1
644,J1A5FRQN,upper,/home/htaucare/Tesis_Amaro/data/Teeth_3ds/processed_struct_safe/200000/upper/J1A5FRQN,200000,1
0,00OMSZGW,upper,/home/htaucare/Tesis_Amaro/data/Teeth_3ds/processed_struct_safe/200000/upper/00OMSZGW,200000,1
672,KS0FGXGB,upper,/home/htaucare/Tesis_Amaro/data/Teeth_3ds/processed_struct_safe/200000/upper/KS0FGXGB,200000,1
518,CX7JD1LO,upper,/home/htaucare/Tesis_Amaro/data/Teeth_3ds/processed_struct_safe/200000/upper/CX7JD1LO,200000,1
307,1FKZ98MK,upper,/home/htaucare/Tesis_Amaro/data/Teeth_3ds/processed_struct_safe/200000/upper/1FKZ98MK,200000,1
493,BNQ3Q4G3,upper,/home/htaucare/Tesis_Amaro/data/Teeth_3ds/processed_struct_safe/200000/upper/BNQ3Q4G3,200000,1
424,7IKF2TIW,upper,/home/htaucare/Tesis_Amaro/data/Teeth_3ds/processed_struct_safe/200000/upper/7IKF2TIW,200000,1
332,2Q8KKZ6V,upper,/home/htaucare/Tesis_Amaro/data/Teeth_3ds/processed_struct_safe/200000/upper/2Q8KKZ6V,200000,1
172,01E7MMEF,upper,/home/htaucare/Tesis_Amaro/data/Teeth_3ds/processed_struct_safe/200000/upper/01E7MMEF,200000,1
125,019CP4YZ,upper,/home/htaucare/Tesis_Amaro/data/Teeth_3ds/processed_struct_safe/200000/upper/019CP4YZ,200000,1
704,MHDYIWUS,upper,/home/htaucare/Tesis_Amaro/data/Teeth_3ds/processed_struct_safe/200000/upper/MHDYIWUS,200000,1
859,VVUXTBF8,upper,/home/htaucare/Tesis_Amaro/data/Teeth_3ds/processed_struct_safe/200000/upper/VVUXTBF8,200000,1
913,Y8NWJUEB,upper,/home/htaucare/Tesis_Amaro/data/Teeth_3ds/processed_struct_safe/200000/upper/Y8NWJUEB,200000,1
90,016NA0VD,upper,/home/htaucare/Tesis_Amaro/data/Teeth_3ds/processed_struct_safe/200000/upper/016NA0VD,200000,1
890,XAET4JJL,upper,/home/htaucare/Tesis_Amaro/data/Teeth_3ds/processed_struct_safe/200000/upper/XAET4JJL,200000,1
181,01ENPFHF,upper,/home/htaucare/Tesis_Amaro/data/Teeth_3ds/processed_struct_safe/200000/upper/01ENPFHF,200000,1
274,01MGY4X8,upper,/home/htaucare/Tesis_Amaro/data/Teeth_3ds/processed_struct_safe/200000/upper/01MGY4X8,200000,1
849,VEAVRKX3,upper,/home/htaucare/Tesis_Amaro/data/Teeth_3ds/processed_struct_safe/200000/upper/VEAVRKX3,200000,1
69,015KFJV6,upper,/home/htaucare/Tesis_Amaro/data/Teeth_3ds/processed_struct_safe/200000/upper/015KFJV6,200000,1
291,0OF8OOCX,upper,/home/htaucare/Tesis_Amaro/data/Teeth_3ds/processed_struct_safe/200000/upper/0OF8OOCX,200000,1
131,019M7KEN,upper,/home/htaucare/Tesis_Amaro/data/Teeth_3ds/processed_struct_safe/200000/upper/019M7KEN,200000,1
300,13GRE9RZ,upper,/home/htaucare/Tesis_Amaro/data/Teeth_3ds/processed_struct_safe/200000/upper/13GRE9RZ,200000,0
745,P744BHYG,upper,/home/htaucare/Tesis_Amaro/data/Teeth_3ds/processed_struct_safe/200000/upper/P744BHYG,200000,1
144,019ZJY1H,upper,/home/htaucare/Tesis_Amaro/data/Teeth_3ds/processed_struct_safe/200000/upper/019ZJY1H,200000,1
551,E60GWYID,upper,/home/htaucare/Tesis_Amaro/data/Teeth_3ds/processed_struct_safe/200000/upper/E60GWYID,200000,0
135,019P6PZD,upper,/home/htaucare/Tesis_Amaro/data/Teeth_3ds/processed_struct_safe/200000/upper/019P6PZD,200000,1
164,01CDZ2WA,upper,/home/htaucare/Tesis_Amaro/data/Teeth_3ds/processed_struct_safe/200000/upper/01CDZ2WA,200000,1
28,01422MSK,upper,/home/htaucare/Tesis_Amaro/data/Teeth_3ds/processed_struct_safe/200000/upper/01422MSK,200000,1
533,DINKGROB,upper,/home/htaucare/Tesis_Amaro/data/Teeth_3ds/processed_struct_safe/200000/upper/DINKGROB,200000,0
193,01FG729R,upper,/home/htaucare/Tesis_Amaro/data/Teeth_3ds/processed_struct_safe/200000/upper/01FG729R,200000,1
554,EBSXE6SY,upper,/home/htaucare/Tesis_Amaro/data/Teeth_3ds/processed_struct_safe/200000/upper/EBSXE6SY,200000,1
606,H9EM9IEE,upper,/home/htaucare/Tesis_Amaro/data/Teeth_3ds/processed_struct_safe/200000/upper/H9EM9IEE,200000,1
169,01E5T402,upper,/home/htaucare/Tesis_Amaro/data/Teeth_3ds/processed_struct_safe/200000/upper/01E5T402,200000,1
948,patient1,upper,/home/htaucare/Tesis_Amaro/data/Teeth_3ds/processed_struct_safe/200000/upper/patient1,200000,1
140,019Z31A2,upper,/home/htaucare/Tesis_Amaro/data/Teeth_3ds/processed_struct_safe/200000/upper/019Z31A2,200000,1
173,01E84NTX,upper,/home/htaucare/Tesis_Amaro/data/Teeth_3ds/processed_struct_safe/200000/upper/01E84NTX,200000,1
6,013FHA7K,upper,/home/htaucare/Tesis_Amaro/data/Teeth_3ds/processed_struct_safe/200000/upper/013FHA7K,200000,1
662,K70NYZYE,upper,/home/htaucare/Tesis_Amaro/data/Teeth_3ds/processed_struct_safe/200000/upper/K70NYZYE,200000,1
425,7IYV2N3D,upper,/home/htaucare/Tesis_Amaro/data/Teeth_3ds/processed_struct_safe/200000/upper/7IYV2N3D,200000,1
73,015SUFFX,upper,/home/htaucare/Tesis_Amaro/data/Teeth_3ds/processed_struct_safe/200000/upper/015SUFFX,200000,1
649,JFZUIR52,upper,/home/htaucare/Tesis_Amaro/data/Teeth_3ds/processed_struct_safe/200000/upper/JFZUIR52,200000,1
527,DEBDX44O,upper,/home/htaucare/Tesis_Amaro/data/Teeth_3ds/processed_struct_safe/200000/upper/DEBDX44O,200000,1
238,01JZF0KX,upper,/home/htaucare/Tesis_Amaro/data/Teeth_3ds/processed_struct_safe/200000/upper/01JZF0KX,200000,1
145,019ZKUHV,upper,/home/htaucare/Tesis_Amaro/data/Teeth_3ds/processed_struct_safe/200000/upper/019ZKUHV,200000,1
754,PS0WAD4X,upper,/home/htaucare/Tesis_Amaro/data/Teeth_3ds/processed_struct_safe/200000/upper/PS0WAD4X,200000,1
234,01JM5T86,upper,/home/htaucare/Tesis_Amaro/data/Teeth_3ds/processed_struct_safe/200000/upper/01JM5T86,200000,1
220,01HXX9J8,upper,/home/htaucare/Tesis_Amaro/data/Teeth_3ds/processed_struct_safe/200000/upper/01HXX9J8,200000,1
422,7G52QKXB,upper,/home/htaucare/Tesis_Amaro/data/Teeth_3ds/processed_struct_safe/200000/upper/7G52QKXB,200000,1
901,XIN0CTXW,upper,/home/htaucare/Tesis_Amaro/data/Teeth_3ds/processed_struct_safe/200000/upper/XIN0CTXW,200000,0
132,019NJEW6,upper,/home/htaucare/Tesis_Amaro/data/Teeth_3ds/processed_struct_safe/200000/upper/019NJEW6,200000,1
940,ZK5A0EXI,upper,/home/htaucare/Tesis_Amaro/data/Teeth_3ds/processed_struct_safe/200000/upper/ZK5A0EXI,200000,1
365,4I10EMWA,upper,/home/htaucare/Tesis_Amaro/data/Teeth_3ds/processed_struct_safe/200000/upper/4I10EMWA,200000,1
185,01F4RGN8,upper,/home/htaucare/Tesis_Amaro/data/Teeth_3ds/processed_struct_safe/200000/upper/01F4RGN8,200000,1
41,014JV25R,upper,/home/htaucare/Tesis_Amaro/data/Teeth_3ds/processed_struct_safe/200000/upper/014JV25R,200000,1
580,FXMJG80Y,upper,/home/htaucare/Tesis_Amaro/data/Teeth_3ds/processed_struct_safe/200000/upper/FXMJG80Y,200000,1
108,017U0890,upper,/home/htaucare/Tesis_Amaro/data/Teeth_3ds/processed_struct_safe/200000/upper/017U0890,200000,1
601,H205AOTN,upper,/home/htaucare/Tesis_Amaro/data/Teeth_3ds/processed_struct_safe/200000/upper/H205AOTN,200000,1
56,01533W1T,upper,/home/htaucare/Tesis_Amaro/data/Teeth_3ds/processed_struct_safe/200000/upper/01533W1T,200000,1
362,4A02S6L3,upper,/home/htaucare/Tesis_Amaro/data/Teeth_3ds/processed_struct_safe/200000/upper/4A02S6L3,200000,1
394,5SD5BWLR,upper,/home/htaucare/Tesis_Amaro/data/Teeth_3ds/processed_struct_safe/200000/upper/5SD5BWLR,200000,1
534,DJTTNQU0,upper,/home/htaucare/Tesis_Amaro/data/Teeth_3ds/processed_struct_safe/200000/upper/DJTTNQU0,200000,0
24,0140VD2R,upper,/home/htaucare/Tesis_Amaro/data/Teeth_3ds/processed_struct_safe/200000/upper/0140VD2R,200000,1
398,67PV9M7X,upper,/home/htaucare/Tesis_Amaro/data/Teeth_3ds/processed_struct_safe/200000/upper/67PV9M7X,200000,1
836,UQOLOI86,upper,/home/htaucare/Tesis_Amaro/data/Teeth_3ds/processed_struct_safe/200000/upper/UQOLOI86,200000,0
500,C4EMFL0D,upper,/home/htaucare/Tesis_Amaro/data/Teeth_3ds/processed_struct_safe/200000/upper/C4EMFL0D,200000,1
338,37O91POP,upper,/home/htaucare/Tesis_Amaro/data/Teeth_3ds/processed_struct_safe/200000/upper/37O91POP,200000,0
51,014ZTUSK,upper,/home/htaucare/Tesis_Amaro/data/Teeth_3ds/processed_struct_safe/200000/upper/014ZTUSK,200000,1
939,ZK06H6RE,upper,/home/htaucare/Tesis_Amaro/data/Teeth_3ds/processed_struct_safe/200000/upper/ZK06H6RE,200000,1
872,WK3XHJR5,upper,/home/htaucare/Tesis_Amaro/data/Teeth_3ds/processed_struct_safe/200000/upper/WK3XHJR5,200000,1
602,H5EFRXCQ,upper,/home/htaucare/Tesis_Amaro/data/Teeth_3ds/processed_struct_safe/200000/upper/H5EFRXCQ,200000,1
264,01M6A1CH,upper,/home/htaucare/Tesis_Amaro/data/Teeth_3ds/processed_struct_safe/200000/upper/01M6A1CH,200000,1
841,V5U3CUGX,upper,/home/htaucare/Tesis_Amaro/data/Teeth_3ds/processed_struct_safe/200000/upper/V5U3CUGX,200000,1
736,OQMRF1N4,upper,/home/htaucare/Tesis_Amaro/data/Teeth_3ds/processed_struct_safe/200000/upper/OQMRF1N4,200000,1
941,ZKJEPFDD,upper,/home/htaucare/Tesis_Amaro/data/Teeth_3ds/processed_struct_safe/200000/upper/ZKJEPFDD,200000,1
485,B7JSFJPG,upper,/home/htaucare/Tesis_Amaro/data/Teeth_3ds/processed_struct_safe/200000/upper/B7JSFJPG,200000,1
18,013Z78FX,upper,/home/htaucare/Tesis_Amaro/data/Teeth_3ds/processed_struct_safe/200000/upper/013Z78FX,200000,1
762,QA27COSZ,upper,/home/htaucare/Tesis_Amaro/data/Teeth_3ds/processed_struct_safe/200000/upper/QA27COSZ,200000,1
539,DNSRP767,upper,/home/htaucare/Tesis_Amaro/data/Teeth_3ds/processed_struct_safe/200000/upper/DNSRP767,200000,1
462,9Y5UP7GB,upper,/home/htaucare/Tesis_Amaro/data/Teeth_3ds/processed_struct_safe/200000/upper/9Y5UP7GB,200000,1
367,4LQPEQN5,upper,/home/htaucare/Tesis_Amaro/data/Teeth_3ds/processed_struct_safe/200000/upper/4LQPEQN5,200000,1
83,0169NHT6,upper,/home/htaucare/Tesis_Amaro/data/Teeth_3ds/processed_struct_safe/200000/upper/0169NHT6,200000,1
61,0158JZXN,upper,/home/htaucare/Tesis_Amaro/data/Teeth_3ds/processed_struct_safe/200000/upper/0158JZXN,200000,1
867,W82LGNOE,upper,/home/htaucare/Tesis_Amaro/data/Teeth_3ds/processed_struct_safe/200000/upper/W82LGNOE,200000,1
272,01MCM1UK,upper,/home/htaucare/Tesis_Amaro/data/Teeth_3ds/processed_struct_safe/200000/upper/01MCM1UK,200000,1
285,0JN50XQR,upper,/home/htaucare/Tesis_Amaro/data/Teeth_3ds/processed_struct_safe/200000/upper/0JN50XQR,200000,1
360,45UD35GC,upper,/home/htaucare/Tesis_Amaro/data/Teeth_3ds/processed_struct_safe/200000/upper/45UD35GC,200000,1
354,3RHL4BKW,upper,/home/htaucare/Tesis_Amaro/data/Teeth_3ds/processed_struct_safe/200000/upper/3RHL4BKW,200000,1
761,Q5GSR6N2,upper,/home/htaucare/Tesis_Amaro/data/Teeth_3ds/processed_struct_safe/200000/upper/Q5GSR6N2,200000,1
278,09H2L7DM,upper,/home/htaucare/Tesis_Amaro/data/Teeth_3ds/processed_struct_safe/200000/upper/09H2L7DM,200000,1
12,013NXHPV,upper,/home/htaucare/Tesis_Amaro/data/Teeth_3ds/processed_struct_safe/200000/upper/013NXHPV,200000,1
182,01ETW4JZ,upper,/home/htaucare/Tesis_Amaro/data/Teeth_3ds/processed_struct_safe/200000/upper/01ETW4JZ,200000,1
368,4MC4KRQV,upper,/home/htaucare/Tesis_Amaro/data/Teeth_3ds/processed_struct_safe/200000/upper/4MC4KRQV,200000,1
439,8MTEIYKY,upper,/home/htaucare/Tesis_Amaro/data/Teeth_3ds/processed_struct_safe/200000/upper/8MTEIYKY,200000,1
585,GANLQSL1,upper,/home/htaucare/Tesis_Amaro/data/Teeth_3ds/processed_struct_safe/200000/upper/GANLQSL1,200000,1
223,01J1XXHR,upper,/home/htaucare/Tesis_Amaro/data/Teeth_3ds/processed_struct_safe/200000/upper/01J1XXHR,200000,1
543,DWXU0WC3,upper,/home/htaucare/Tesis_Amaro/data/Teeth_3ds/processed_struct_safe/200000/upper/DWXU0WC3,200000,1
665,KAHYFGOY,upper,/home/htaucare/Tesis_Amaro/data/Teeth_3ds/processed_struct_safe/200000/upper/KAHYFGOY,200000,1
449,9CBRA5FM,upper,/home/htaucare/Tesis_Amaro/data/Teeth_3ds/processed_struct_safe/200000/upper/9CBRA5FM,200000,0
494,BT6UVVI2,upper,/home/htaucare/Tesis_Amaro/data/Teeth_3ds/processed_struct_safe/200000/upper/BT6UVVI2,200000,1
785,RXKYWHG6,upper,/home/htaucare/Tesis_Amaro/data/Teeth_3ds/processed_struct_safe/200000/upper/RXKYWHG6,200000,1
638,IO8HN7R6,upper,/home/htaucare/Tesis_Amaro/data/Teeth_3ds/processed_struct_safe/200000/upper/IO8HN7R6,200000,0
176,01ECZRY6,upper,/home/htaucare/Tesis_Amaro/data/Teeth_3ds/processed_struct_safe/200000/upper/01ECZRY6,200000,1
633,IFB97TD3,upper,/home/htaucare/Tesis_Amaro/data/Teeth_3ds/processed_struct_safe/200000/upper/IFB97TD3,200000,1
631,IBG3DGZJ,upper,/home/htaucare/Tesis_Amaro/data/Teeth_3ds/processed_struct_safe/200000/upper/IBG3DGZJ,200000,1
907,XNNZTXK5,upper,/home/htaucare/Tesis_Amaro/data/Teeth_3ds/processed_struct_safe/200000/upper/XNNZTXK5,200000,1
465,A9TECAGP,upper,/home/htaucare/Tesis_Amaro/data/Teeth_3ds/processed_struct_safe/200000/upper/A9TECAGP,200000,1
163,01CCUKV4,upper,/home/htaucare/Tesis_Amaro/data/Teeth_3ds/processed_struct_safe/200000/upper/01CCUKV4,200000,1
248,01KJXCTX,upper,/home/htaucare/Tesis_Amaro/data/Teeth_3ds/processed_struct_safe/200000/upper/01KJXCTX,200000,1
603,H79I7NHI,upper,/home/htaucare/Tesis_Amaro/data/Teeth_3ds/processed_struct_safe/200000/upper/H79I7NHI,200000,1
891,XBDVGZ7V,upper,/home/htaucare/Tesis_Amaro/data/Teeth_3ds/processed_struct_safe/200000/upper/XBDVGZ7V,200000,1
375,4SA064Y7,upper,/home/htaucare/Tesis_Amaro/data/Teeth_3ds/processed_struct_safe/200000/upper/4SA064Y7,200000,1
74,015SW0RN,upper,/home/htaucare/Tesis_Amaro/data/Teeth_3ds/processed_struct_safe/200000/upper/015SW0RN,200000,1
113,017UYAW4,upper,/home/htaucare/Tesis_Amaro/data/Teeth_3ds/processed_struct_safe/200000/upper/017UYAW4,200000,1
770,QTDZUUZV,upper,/home/htaucare/Tesis_Amaro/data/Teeth_3ds/processed_struct_safe/200000/upper/QTDZUUZV,200000,1
531,DGUTSTAN,upper,/home/htaucare/Tesis_Amaro/data/Teeth_3ds/processed_struct_safe/200000/upper/DGUTSTAN,200000,1
390,5LP835GA,upper,/home/htaucare/Tesis_Amaro/data/Teeth_3ds/processed_struct_safe/200000/upper/5LP835GA,200000,1
104,0178PAPZ,upper,/home/htaucare/Tesis_Amaro/data/Teeth_3ds/processed_struct_safe/200000/upper/0178PAPZ,200000,1
114,017YFPPR,upper,/home/htaucare/Tesis_Amaro/data/Teeth_3ds/processed_struct_safe/200000/upper/017YFPPR,200000,1
420,7CPH3KRT,upper,/home/htaucare/Tesis_Amaro/data/Teeth_3ds/processed_struct_safe/200000/upper/7CPH3KRT,200000,1
409,6QJ5RART,upper,/home/htaucare/Tesis_Amaro/data/Teeth_3ds/processed_struct_safe/200000/upper/6QJ5RART,200000,1
92,016SVMHT,upper,/home/htaucare/Tesis_Amaro/data/Teeth_3ds/processed_struct_safe/200000/upper/016SVMHT,200000,1
535,DKDRMRFK,upper,/home/htaucare/Tesis_Amaro/data/Teeth_3ds/processed_struct_safe/200000/upper/DKDRMRFK,200000,1
89,016N696F,upper,/home/htaucare/Tesis_Amaro/data/Teeth_3ds/processed_struct_safe/200000/upper/016N696F,200000,1
336,2Z5OXS0K,upper,/home/htaucare/Tesis_Amaro/data/Teeth_3ds/processed_struct_safe/200000/upper/2Z5OXS0K,200000,1
938,ZGH1UT1Q,upper,/home/htaucare/Tesis_Amaro/data/Teeth_3ds/processed_struct_safe/200000/upper/ZGH1UT1Q,200000,1
873,WKDWFB4W,upper,/home/htaucare/Tesis_Amaro/data/Teeth_3ds/processed_struct_safe/200000/upper/WKDWFB4W,200000,1
884,X67M31XQ,upper,/home/htaucare/Tesis_Amaro/data/Teeth_3ds/processed_struct_safe/200000/upper/X67M31XQ,200000,1
576,FKSYZ9LA,upper,/home/htaucare/Tesis_Amaro/data/Teeth_3ds/processed_struct_safe/200000/upper/FKSYZ9LA,200000,1
881,X35AUUVF,upper,/home/htaucare/Tesis_Amaro/data/Teeth_3ds/processed_struct_safe/200000/upper/X35AUUVF,200000,1
581,G0CBNJGZ,upper,/home/htaucare/Tesis_Amaro/data/Teeth_3ds/processed_struct_safe/200000/upper/G0CBNJGZ,200000,0
94,016T80GN,upper,/home/htaucare/Tesis_Amaro/data/Teeth_3ds/processed_struct_safe/200000/upper/016T80GN,200000,1
11,013NUWYR,upper,/home/htaucare/Tesis_Amaro/data/Teeth_3ds/processed_struct_safe/200000/upper/013NUWYR,200000,1
396,653MMYW8,upper,/home/htaucare/Tesis_Amaro/data/Teeth_3ds/processed_struct_safe/200000/upper/653MMYW8,200000,1
495,BTDMOORI,upper,/home/htaucare/Tesis_Amaro/data/Teeth_3ds/processed_struct_safe/200000/upper/BTDMOORI,200000,1
43,014RZJT4,upper,/home/htaucare/Tesis_Amaro/data/Teeth_3ds/processed_struct_safe/200000/upper/014RZJT4,200000,1
42,014M2HZD,upper,/home/htaucare/Tesis_Amaro/data/Teeth_3ds/processed_struct_safe/200000/upper/014M2HZD,200000,1
329,2HTC4QTP,upper,/home/htaucare/Tesis_Amaro/data/Teeth_3ds/processed_struct_safe/200000/upper/2HTC4QTP,200000,1
167,01E1XHG8,upper,/home/htaucare/Tesis_Amaro/data/Teeth_3ds/processed_struct_safe/200000/upper/01E1XHG8,200000,1
536,DKZWON8N,upper,/home/htaucare/Tesis_Amaro/data/Teeth_3ds/processed_struct_safe/200000/upper/DKZWON8N,200000,1
898,XGOF741N,upper,/home/htaucare/Tesis_Amaro/data/Teeth_3ds/processed_struct_safe/200000/upper/XGOF741N,200000,1
568,F92OKIOI,upper,/home/htaucare/Tesis_Amaro/data/Teeth_3ds/processed_struct_safe/200000/upper/F92OKIOI,200000,1
845,VB7GYS2O,upper,/home/htaucare/Tesis_Amaro/data/Teeth_3ds/processed_struct_safe/200000/upper/VB7GYS2O,200000,1
100,0175DC9K,upper,/home/htaucare/Tesis_Amaro/data/Teeth_3ds/processed_struct_safe/200000/upper/0175DC9K,200000,1
426,7KRVT5N0,upper,/home/htaucare/Tesis_Amaro/data/Teeth_3ds/processed_struct_safe/200000/upper/7KRVT5N0,200000,1
178,01EGTCG0,upper,/home/htaucare/Tesis_Amaro/data/Teeth_3ds/processed_struct_safe/200000/upper/01EGTCG0,200000,1
416,725VOCK0,upper,/home/htaucare/Tesis_Amaro/data/Teeth_3ds/processed_struct_safe/200000/upper/725VOCK0,200000,1
616,HQN0ZJDP,upper,/home/htaucare/Tesis_Amaro/data/Teeth_3ds/processed_struct_safe/200000/upper/HQN0ZJDP,200000,1
837,UQQWT9IH,upper,/home/htaucare/Tesis_Amaro/data/Teeth_3ds/processed_struct_safe/200000/upper/UQQWT9IH,200000,0
626,I8CPN1UN,upper,/home/htaucare/Tesis_Amaro/data/Teeth_3ds/processed_struct_safe/200000/upper/I8CPN1UN,200000,1
177,01EDMPPZ,upper,/home/htaucare/Tesis_Amaro/data/Teeth_3ds/processed_struct_safe/200000/upper/01EDMPPZ,200000,1
395,5WCMFAT0,upper,/home/htaucare/Tesis_Amaro/data/Teeth_3ds/processed_struct_safe/200000/upper/5WCMFAT0,200000,1
643,IUIE4BYI,upper,/home/htaucare/Tesis_Amaro/data/Teeth_3ds/processed_struct_safe/200000/upper/IUIE4BYI,200000,1
755,PY6M5YZ2,upper,/home/htaucare/Tesis_Amaro/data/Teeth_3ds/processed_struct_safe/200000/upper/PY6M5YZ2,200000,1
650,JJ19KE8W,upper,/home/htaucare/Tesis_Amaro/data/Teeth_3ds/processed_struct_safe/200000/upper/JJ19KE8W,200000,1
383,552HVG7E,upper,/home/htaucare/Tesis_Amaro/data/Teeth_3ds/processed_struct_safe/200000/upper/552HVG7E,200000,1
257,01KXSC9K,upper,/home/htaucare/Tesis_Amaro/data/Teeth_3ds/processed_struct_safe/200000/upper/01KXSC9K,200000,1
897,XG9DMI04,upper,/home/htaucare/Tesis_Amaro/data/Teeth_3ds/processed_struct_safe/200000/upper/XG9DMI04,200000,1
335,2XV86U1F,upper,/home/htaucare/Tesis_Amaro/data/Teeth_3ds/processed_struct_safe/200000/upper/2XV86U1F,200000,1
584,G73V8OVW,upper,/home/htaucare/Tesis_Amaro/data/Teeth_3ds/processed_struct_safe/200000/upper/G73V8OVW,200000,1
15,013TXGFK,upper,/home/htaucare/Tesis_Amaro/data/Teeth_3ds/processed_struct_safe/200000/upper/013TXGFK,200000,1
3,01343APK,upper,/home/htaucare/Tesis_Amaro/data/Teeth_3ds/processed_struct_safe/200000/upper/01343APK,200000,1
548,E23G704K,upper,/home/htaucare/Tesis_Amaro/data/Teeth_3ds/processed_struct_safe/200000/upper/E23G704K,200000,1
256,01KTSH6A,upper,/home/htaucare/Tesis_Amaro/data/Teeth_3ds/processed_struct_safe/200000/upper/01KTSH6A,200000,1
516,CVTHSBS5,upper,/home/htaucare/Tesis_Amaro/data/Teeth_3ds/processed_struct_safe/200000/upper/CVTHSBS5,200000,1
721,NX1SXEJY,upper,/home/htaucare/Tesis_Amaro/data/Teeth_3ds/processed_struct_safe/200000/upper/NX1SXEJY,200000,1
673,KS84R9LU,upper,/home/htaucare/Tesis_Amaro/data/Teeth_3ds/processed_struct_safe/200000/upper/KS84R9LU,200000,1
483,B5708797,upper,/home/htaucare/Tesis_Amaro/data/Teeth_3ds/processed_struct_safe/200000/upper/B5708797,200000,1
393,5NMDP9FJ,upper,/home/htaucare/Tesis_Amaro/data/Teeth_3ds/processed_struct_safe/200000/upper/5NMDP9FJ,200000,1
222,01J07922,upper,/home/htaucare/Tesis_Amaro/data/Teeth_3ds/processed_struct_safe/200000/upper/01J07922,200000,1
179,01EH2EGV,upper,/home/htaucare/Tesis_Amaro/data/Teeth_3ds/processed_struct_safe/200000/upper/01EH2EGV,200000,1
289,0NH6X4SS,upper,/home/htaucare/Tesis_Amaro/data/Teeth_3ds/processed_struct_safe/200000/upper/0NH6X4SS,200000,1
479,AY0DEPFN,upper,/home/htaucare/Tesis_Amaro/data/Teeth_3ds/processed_struct_safe/200000/upper/AY0DEPFN,200000,1
324,2AK5QKZ7,upper,/home/htaucare/Tesis_Amaro/data/Teeth_3ds/processed_struct_safe/200000/upper/2AK5QKZ7,200000,1
870,WIF3WKRG,upper,/home/htaucare/Tesis_Amaro/data/Teeth_3ds/processed_struct_safe/200000/upper/WIF3WKRG,200000,1
9,013H3Y8H,upper,/home/htaucare/Tesis_Amaro/data/Teeth_3ds/processed_struct_safe/200000/upper/013H3Y8H,200000,1
249,01KK2DER,upper,/home/htaucare/Tesis_Amaro/data/Teeth_3ds/processed_struct_safe/200000/upper/01KK2DER,200000,1
22,0140E7V2,upper,/home/htaucare/Tesis_Amaro/data/Teeth_3ds/processed_struct_safe/200000/upper/0140E7V2,200000,1
356,3XIVSP8G,upper,/home/htaucare/Tesis_Amaro/data/Teeth_3ds/processed_struct_safe/200000/upper/3XIVSP8G,200000,1
221,01HY2W2Z,upper,/home/htaucare/Tesis_Amaro/data/Teeth_3ds/processed_struct_safe/200000/upper/01HY2W2Z,200000,1
634,IFVHVDFO,upper,/home/htaucare/Tesis_Amaro/data/Teeth_3ds/processed_struct_safe/200000/upper/IFVHVDFO,200000,1
894,XD63NNJX,upper,/home/htaucare/Tesis_Amaro/data/Teeth_3ds/processed_struct_safe/200000/upper/XD63NNJX,200000,1
933,ZB8NU437,upper,/home/htaucare/Tesis_Amaro/data/Teeth_3ds/processed_struct_safe/200000/upper/ZB8NU437,200000,1
559,EKITH3BB,upper,/home/htaucare/Tesis_Amaro/data/Teeth_3ds/processed_struct_safe/200000/upper/EKITH3BB,200000,1
340,3ARXXI22,upper,/home/htaucare/Tesis_Amaro/data/Teeth_3ds/processed_struct_safe/200000/upper/3ARXXI22,200000,1
431,82J9I2HU,upper,/home/htaucare/Tesis_Amaro/data/Teeth_3ds/processed_struct_safe/200000/upper/82J9I2HU,200000,1
522,D0NMVCKH,upper,/home/htaucare/Tesis_Amaro/data/Teeth_3ds/processed_struct_safe/200000/upper/D0NMVCKH,200000,1
792,S5VIQ478,upper,/home/htaucare/Tesis_Amaro/data/Teeth_3ds/processed_struct_safe/200000/upper/S5VIQ478,200000,1
549,E4GH1D3S,upper,/home/htaucare/Tesis_Amaro/data/Teeth_3ds/processed_struct_safe/200000/upper/E4GH1D3S,200000,1
203,01FURZ62,upper,/home/htaucare/Tesis_Amaro/data/Teeth_3ds/processed_struct_safe/200000/upper/01FURZ62,200000,1
887,X9OQZ131,upper,/home/htaucare/Tesis_Amaro/data/Teeth_3ds/processed_struct_safe/200000/upper/X9OQZ131,200000,1
445,8XVU7PN9,upper,/home/htaucare/Tesis_Amaro/data/Teeth_3ds/processed_struct_safe/200000/upper/8XVU7PN9,200000,1
237,01JZDW8K,upper,/home/htaucare/Tesis_Amaro/data/Teeth_3ds/processed_struct_safe/200000/upper/01JZDW8K,200000,1
93,016T6810,upper,/home/htaucare/Tesis_Amaro/data/Teeth_3ds/processed_struct_safe/200000/upper/016T6810,200000,1
529,DFIVT5GN,upper,/home/htaucare/Tesis_Amaro/data/Teeth_3ds/processed_struct_safe/200000/upper/DFIVT5GN,200000,0
507,CD81F1F4,upper,/home/htaucare/Tesis_Amaro/data/Teeth_3ds/processed_struct_safe/200000/upper/CD81F1F4,200000,1
822,U7UBW70K,upper,/home/htaucare/Tesis_Amaro/data/Teeth_3ds/processed_struct_safe/200000/upper/U7UBW70K,200000,1
796,SEN849RI,upper,/home/htaucare/Tesis_Amaro/data/Teeth_3ds/processed_struct_safe/200000/upper/SEN849RI,200000,1
284,0IU0UV8E,upper,/home/htaucare/Tesis_Amaro/data/Teeth_3ds/processed_struct_safe/200000/upper/0IU0UV8E,200000,1
184,01F4JV8X,upper,/home/htaucare/Tesis_Amaro/data/Teeth_3ds/processed_struct_safe/200000/upper/01F4JV8X,200000,1
764,QDI80G6G,upper,/home/htaucare/Tesis_Amaro/data/Teeth_3ds/processed_struct_safe/200000/upper/QDI80G6G,200000,1
883,X64WYAHC,upper,/home/htaucare/Tesis_Amaro/data/Teeth_3ds/processed_struct_safe/200000/upper/X64WYAHC,200000,0
434,87N5YSES,upper,/home/htaucare/Tesis_Amaro/data/Teeth_3ds/processed_struct_safe/200000/upper/87N5YSES,200000,1
660,K4E9RKYU,upper,/home/htaucare/Tesis_Amaro/data/Teeth_3ds/processed_struct_safe/200000/upper/K4E9RKYU,200000,1
153,01A9282X,upper,/home/htaucare/Tesis_Amaro/data/Teeth_3ds/processed_struct_safe/200000/upper/01A9282X,200000,1
75,015WW8D6,upper,/home/htaucare/Tesis_Amaro/data/Teeth_3ds/processed_struct_safe/200000/upper/015WW8D6,200000,1
450,9GSQBATD,upper,/home/htaucare/Tesis_Amaro/data/Teeth_3ds/processed_struct_safe/200000/upper/9GSQBATD,200000,1
696,LWUJBHYO,upper,/home/htaucare/Tesis_Amaro/data/Teeth_3ds/processed_struct_safe/200000/upper/LWUJBHYO,200000,1
583,G3IG4NVH,upper,/home/htaucare/Tesis_Amaro/data/Teeth_3ds/processed_struct_safe/200000/upper/G3IG4NVH,200000,1
277,09BMUY86,upper,/home/htaucare/Tesis_Amaro/data/Teeth_3ds/processed_struct_safe/200000/upper/09BMUY86,200000,1
68,015DXGZH,upper,/home/htaucare/Tesis_Amaro/data/Teeth_3ds/processed_struct_safe/200000/upper/015DXGZH,200000,1
446,918HS04U,upper,/home/htaucare/Tesis_Amaro/data/Teeth_3ds/processed_struct_safe/200000/upper/918HS04U,200000,1
597,GSICB2I6,upper,/home/htaucare/Tesis_Amaro/data/Teeth_3ds/processed_struct_safe/200000/upper/GSICB2I6,200000,1
486,B7ZCYID1,upper,/home/htaucare/Tesis_Amaro/data/Teeth_3ds/processed_struct_safe/200000/upper/B7ZCYID1,200000,1
188,01F737KT,upper,/home/htaucare/Tesis_Amaro/data/Teeth_3ds/processed_struct_safe/200000/upper/01F737KT,200000,1
271,01MCCA3X,upper,/home/htaucare/Tesis_Amaro/data/Teeth_3ds/processed_struct_safe/200000/upper/01MCCA3X,200000,1
236,01JZ8C06,upper,/home/htaucare/Tesis_Amaro/data/Teeth_3ds/processed_struct_safe/200000/upper/01JZ8C06,200000,1
487,B9TZ4IAO,upper,/home/htaucare/Tesis_Amaro/data/Teeth_3ds/processed_struct_safe/200000/upper/B9TZ4IAO,200000,1
117,018UV7KV,upper,/home/htaucare/Tesis_Amaro/data/Teeth_3ds/processed_struct_safe/200000/upper/018UV7KV,200000,1
778,RGSLRERP,upper,/home/htaucare/Tesis_Amaro/data/Teeth_3ds/processed_struct_safe/200000/upper/RGSLRERP,200000,1
512,CNUR69O9,upper,/home/htaucare/Tesis_Amaro/data/Teeth_3ds/processed_struct_safe/200000/upper/CNUR69O9,200000,1
756,PYAY9ZYX,upper,/home/htaucare/Tesis_Amaro/data/Teeth_3ds/processed_struct_safe/200000/upper/PYAY9ZYX,200000,1
684,LAFJJKAE,upper,/home/htaucare/Tesis_Amaro/data/Teeth_3ds/processed_struct_safe/200000/upper/LAFJJKAE,200000,1
126,019EJZFH,upper,/home/htaucare/Tesis_Amaro/data/Teeth_3ds/processed_struct_safe/200000/upper/019EJZFH,200000,1
116,018RSPYF,upper,/home/htaucare/Tesis_Amaro/data/Teeth_3ds/processed_struct_safe/200000/upper/018RSPYF,200000,1
473,API3O9JV,upper,/home/htaucare/Tesis_Amaro/data/Teeth_3ds/processed_struct_safe/200000/upper/API3O9JV,200000,1
677,KX9HKC3D,upper,/home/htaucare/Tesis_Amaro/data/Teeth_3ds/processed_struct_safe/200000/upper/KX9HKC3D,200000,1
57,0154PPVX,upper,/home/htaucare/Tesis_Amaro/data/Teeth_3ds/processed_struct_safe/200000/upper/0154PPVX,200000,1
708,MX0PKG9L,upper,/home/htaucare/Tesis_Amaro/data/Teeth_3ds/processed_struct_safe/200000/upper/MX0PKG9L,200000,1
865,W6T6G0B6,upper,/home/htaucare/Tesis_Amaro/data/Teeth_3ds/processed_struct_safe/200000/upper/W6T6G0B6,200000,1
369,4NEUQLYY,upper,/home/htaucare/Tesis_Amaro/data/Teeth_3ds/processed_struct_safe/200000/upper/4NEUQLYY,200000,1
268,01MAU84T,upper,/home/htaucare/Tesis_Amaro/data/Teeth_3ds/processed_struct_safe/200000/upper/01MAU84T,200000,1
46,014WKP6A,upper,/home/htaucare/Tesis_Amaro/data/Teeth_3ds/processed_struct_safe/200000/upper/014WKP6A,200000,1
349,3JVRS0V2,upper,/home/htaucare/Tesis_Amaro/data/Teeth_3ds/processed_struct_safe/200000/upper/3JVRS0V2,200000,1
195,01FGPDFR,upper,/home/htaucare/Tesis_Amaro/data/Teeth_3ds/processed_struct_safe/200000/upper/01FGPDFR,200000,1
949,patient2,upper,/home/htaucare/Tesis_Amaro/data/Teeth_3ds/processed_struct_safe/200000/upper/patient2,200000,1
793,S8FFW0OP,upper,/home/htaucare/Tesis_Amaro/data/Teeth_3ds/processed_struct_safe/200000/upper/S8FFW0OP,200000,1
943,ZOUIF2W4,upper,/home/htaucare/Tesis_Amaro/data/Teeth_3ds/processed_struct_safe/200000/upper/ZOUIF2W4,200000,1
263,01M3N1UK,upper,/home/htaucare/Tesis_Amaro/data/Teeth_3ds/processed_struct_safe/200000/upper/01M3N1UK,200000,1
443,8T3LV6TZ,upper,/home/htaucare/Tesis_Amaro/data/Teeth_3ds/processed_struct_safe/200000/upper/8T3LV6TZ,200000,1
795,SE68JIRS,upper,/home/htaucare/Tesis_Amaro/data/Teeth_3ds/processed_struct_safe/200000/upper/SE68JIRS,200000,1
304,1AX7AB2P,upper,/home/htaucare/Tesis_Amaro/data/Teeth_3ds/processed_struct_safe/200000/upper/1AX7AB2P,200000,1
341,3DDGECCR,upper,/home/htaucare/Tesis_Amaro/data/Teeth_3ds/processed_struct_safe/200000/upper/3DDGECCR,200000,1
917,YCM36SR6,upper,/home/htaucare/Tesis_Amaro/data/Teeth_3ds/processed_struct_safe/200000/upper/YCM36SR6,200000,1
149,01A6HAN6,upper,/home/htaucare/Tesis_Amaro/data/Teeth_3ds/processed_struct_safe/200000/upper/01A6HAN6,200000,1
124,019CNYA6,upper,/home/htaucare/Tesis_Amaro/data/Teeth_3ds/processed_struct_safe/200000/upper/019CNYA6,200000,1
773,R544MS3L,upper,/home/htaucare/Tesis_Amaro/data/Teeth_3ds/processed_struct_safe/200000/upper/R544MS3L,200000,1
50,014ZTSJ8,upper,/home/htaucare/Tesis_Amaro/data/Teeth_3ds/processed_struct_safe/200000/upper/014ZTSJ8,200000,1
353,3PSS0ONL,upper,/home/htaucare/Tesis_Amaro/data/Teeth_3ds/processed_struct_safe/200000/upper/3PSS0ONL,200000,1
879,X273URFW,upper,/home/htaucare/Tesis_Amaro/data/Teeth_3ds/processed_struct_safe/200000/upper/X273URFW,200000,1
142,019ZGSJR,upper,/home/htaucare/Tesis_Amaro/data/Teeth_3ds/processed_struct_safe/200000/upper/019ZGSJR,200000,1
470,AKBDPB4C,upper,/home/htaucare/Tesis_Amaro/data/Teeth_3ds/processed_struct_safe/200000/upper/AKBDPB4C,200000,1
399,6A019QAT,upper,/home/htaucare/Tesis_Amaro/data/Teeth_3ds/processed_struct_safe/200000/upper/6A019QAT,200000,1
595,GRG0112S,upper,/home/htaucare/Tesis_Amaro/data/Teeth_3ds/processed_struct_safe/200000/upper/GRG0112S,200000,1
320,26CY2H2Q,upper,/home/htaucare/Tesis_Amaro/data/Teeth_3ds/processed_struct_safe/200000/upper/26CY2H2Q,200000,1
19,013Z8U5Z,upper,/home/htaucare/Tesis_Amaro/data/Teeth_3ds/processed_struct_safe/200000/upper/013Z8U5Z,200000,1
927,Z27UU3OM,upper,/home/htaucare/Tesis_Amaro/data/Teeth_3ds/processed_struct_safe/200000/upper/Z27UU3OM,200000,1
752,PM5K088N,upper,/home/htaucare/Tesis_Amaro/data/Teeth_3ds/processed_struct_safe/200000/upper/PM5K088N,200000,1
794,SAIQAN8Y,upper,/home/htaucare/Tesis_Amaro/data/Teeth_3ds/processed_struct_safe/200000/upper/SAIQAN8Y,200000,1
407,6PNM29W7,upper,/home/htaucare/Tesis_Amaro/data/Teeth_3ds/processed_struct_safe/200000/upper/6PNM29W7,200000,1
537,DLVODLKR,upper,/home/htaucare/Tesis_Amaro/data/Teeth_3ds/processed_struct_safe/200000/upper/DLVODLKR,200000,1
590,GK7OJEPT,upper,/home/htaucare/Tesis_Amaro/data/Teeth_3ds/processed_struct_safe/200000/upper/GK7OJEPT,200000,1
38,014F9HTN,upper,/home/htaucare/Tesis_Amaro/data/Teeth_3ds/processed_struct_safe/200000/upper/014F9HTN,200000,1
175,01ECNYXT,upper,/home/htaucare/Tesis_Amaro/data/Teeth_3ds/processed_struct_safe/200000/upper/01ECNYXT,200000,1
245,01KCA1CT,upper,/home/htaucare/Tesis_Amaro/data/Teeth_3ds/processed_struct_safe/200000/upper/01KCA1CT,200000,1
788,S14CSG9U,upper,/home/htaucare/Tesis_Amaro/data/Teeth_3ds/processed_struct_safe/200000/upper/S14CSG9U,200000,1
635,IHKL3Y8N,upper,/home/htaucare/Tesis_Amaro/data/Teeth_3ds/processed_struct_safe/200000/upper/IHKL3Y8N,200000,1
717,NQ2A571C,upper,/home/htaucare/Tesis_Amaro/data/Teeth_3ds/processed_struct_safe/200000/upper/NQ2A571C,200000,1
854,VNRRN6ZF,upper,/home/htaucare/Tesis_Amaro/data/Teeth_3ds/processed_struct_safe/200000/upper/VNRRN6ZF,200000,1
154,01ADUNMV,upper,/home/htaucare/Tesis_Amaro/data/Teeth_3ds/processed_struct_safe/200000/upper/01ADUNMV,200000,1
287,0KPHM46Q,upper,/home/htaucare/Tesis_Amaro/data/Teeth_3ds/processed_struct_safe/200000/upper/0KPHM46Q,200000,1
760,Q3NA514X,upper,/home/htaucare/Tesis_Amaro/data/Teeth_3ds/processed_struct_safe/200000/upper/Q3NA514X,200000,1
569,FA7LBP95,upper,/home/htaucare/Tesis_Amaro/data/Teeth_3ds/processed_struct_safe/200000/upper/FA7LBP95,200000,1
706,MNIAB8K3,upper,/home/htaucare/Tesis_Amaro/data/Teeth_3ds/processed_struct_safe/200000/upper/MNIAB8K3,200000,1
17,013VGW18,upper,/home/htaucare/Tesis_Amaro/data/Teeth_3ds/processed_struct_safe/200000/upper/013VGW18,200000,1
127,019EK6N2,upper,/home/htaucare/Tesis_Amaro/data/Teeth_3ds/processed_struct_safe/200000/upper/019EK6N2,200000,1
322,276N3YRC,upper,/home/htaucare/Tesis_Amaro/data/Teeth_3ds/processed_struct_safe/200000/upper/276N3YRC,200000,1
255,01KTRG9K,upper,/home/htaucare/Tesis_Amaro/data/Teeth_3ds/processed_struct_safe/200000/upper/01KTRG9K,200000,1
625,I3T81ZK8,upper,/home/htaucare/Tesis_Amaro/data/Teeth_3ds/processed_struct_safe/200000/upper/I3T81ZK8,200000,1
915,YBSESUN6,upper,/home/htaucare/Tesis_Amaro/data/Teeth_3ds/processed_struct_safe/200000/upper/YBSESUN6,200000,1
190,01FAYE3T,upper,/home/htaucare/Tesis_Amaro/data/Teeth_3ds/processed_struct_safe/200000/upper/01FAYE3T,200000,1
115,018RHCTX,upper,/home/htaucare/Tesis_Amaro/data/Teeth_3ds/processed_struct_safe/200000/upper/018RHCTX,200000,1
670,KKBN198S,upper,/home/htaucare/Tesis_Amaro/data/Teeth_3ds/processed_struct_safe/200000/upper/KKBN198S,200000,1
180,01ENJ8TT,upper,/home/htaucare/Tesis_Amaro/data/Teeth_3ds/processed_struct_safe/200000/upper/01ENJ8TT,200000,1
301,1419YTY4,upper,/home/htaucare/Tesis_Amaro/data/Teeth_3ds/processed_struct_safe/200000/upper/1419YTY4,200000,1
722,NZ9C9J2G,upper,/home/htaucare/Tesis_Amaro/data/Teeth_3ds/processed_struct_safe/200000/upper/NZ9C9J2G,200000,1
678,L1WXOSF6,upper,/home/htaucare/Tesis_Amaro/data/Teeth_3ds/processed_struct_safe/200000/upper/L1WXOSF6,200000,1
689,LLJGPB8I,upper,/home/htaucare/Tesis_Amaro/data/Teeth_3ds/processed_struct_safe/200000/upper/LLJGPB8I,200000,1
653,JRG6Y6E0,upper,/home/htaucare/Tesis_Amaro/data/Teeth_3ds/processed_struct_safe/200000/upper/JRG6Y6E0,200000,1
629,I9TWNSD1,upper,/home/htaucare/Tesis_Amaro/data/Teeth_3ds/processed_struct_safe/200000/upper/I9TWNSD1,200000,1
517,CVXIS1C2,upper,/home/htaucare/Tesis_Amaro/data/Teeth_3ds/processed_struct_safe/200000/upper/CVXIS1C2,200000,1
934,ZCZHZ260,upper,/home/htaucare/Tesis_Amaro/data/Teeth_3ds/processed_struct_safe/200000/upper/ZCZHZ260,200000,1
45,014S002X,upper,/home/htaucare/Tesis_Amaro/data/Teeth_3ds/processed_struct_safe/200000/upper/014S002X,200000,1
862,VY5POH5L,upper,/home/htaucare/Tesis_Amaro/data/Teeth_3ds/processed_struct_safe/200000/upper/VY5POH5L,200000,1
157,01AKES86,upper,/home/htaucare/Tesis_Amaro/data/Teeth_3ds/processed_struct_safe/200000/upper/01AKES86,200000,1
707,MPLQN22P,upper,/home/htaucare/Tesis_Amaro/data/Teeth_3ds/processed_struct_safe/200000/upper/MPLQN22P,200000,1
171,01E66M2X,upper,/home/htaucare/Tesis_Amaro/data/Teeth_3ds/processed_struct_safe/200000/upper/01E66M2X,200000,1
16,013V9CKV,upper,/home/htaucare/Tesis_Amaro/data/Teeth_3ds/processed_struct_safe/200000/upper/013V9CKV,200000,1
511,CLNVA9MZ,upper,/home/htaucare/Tesis_Amaro/data/Teeth_3ds/processed_struct_safe/200000/upper/CLNVA9MZ,200000,1
48,014Z13Z2,upper,/home/htaucare/Tesis_Amaro/data/Teeth_3ds/processed_struct_safe/200000/upper/014Z13Z2,200000,1
921,YNKZHRP0,upper,/home/htaucare/Tesis_Amaro/data/Teeth_3ds/processed_struct_safe/200000/upper/YNKZHRP0,200000,1
799,SI19V0MY,upper,/home/htaucare/Tesis_Amaro/data/Teeth_3ds/processed_struct_safe/200000/upper/SI19V0MY,200000,1
515,CUOT8S6L,upper,/home/htaucare/Tesis_Amaro/data/Teeth_3ds/processed_struct_safe/200000/upper/CUOT8S6L,200000,1
652,JKLNUYPM,upper,/home/htaucare/Tesis_Amaro/data/Teeth_3ds/processed_struct_safe/200000/upper/JKLNUYPM,200000,1
480,AYJQ5YMF,upper,/home/htaucare/Tesis_Amaro/data/Teeth_3ds/processed_struct_safe/200000/upper/AYJQ5YMF,200000,1
283,0EJBIPTC,upper,/home/htaucare/Tesis_Amaro/data/Teeth_3ds/processed_struct_safe/200000/upper/0EJBIPTC,200000,1
622,I04GI3H5,upper,/home/htaucare/Tesis_Amaro/data/Teeth_3ds/processed_struct_safe/200000/upper/I04GI3H5,200000,1
225,01J4R99K,upper,/home/htaucare/Tesis_Amaro/data/Teeth_3ds/processed_struct_safe/200000/upper/01J4R99K,200000,1
26,0140XF2Z,upper,/home/htaucare/Tesis_Amaro/data/Teeth_3ds/processed_struct_safe/200000/upper/0140XF2Z,200000,1
744,P5NL90OZ,upper,/home/htaucare/Tesis_Amaro/data/Teeth_3ds/processed_struct_safe/200000/upper/P5NL90OZ,200000,1
437,8C8LPIIY,upper,/home/htaucare/Tesis_Amaro/data/Teeth_3ds/processed_struct_safe/200000/upper/8C8LPIIY,200000,1
902,XKC3KSSB,upper,/home/htaucare/Tesis_Amaro/data/Teeth_3ds/processed_struct_safe/200000/upper/XKC3KSSB,200000,1
364,4G9LHQ2X,upper,/home/htaucare/Tesis_Amaro/data/Teeth_3ds/processed_struct_safe/200000/upper/4G9LHQ2X,200000,1
229,01J9K9S6,upper,/home/htaucare/Tesis_Amaro/data/Teeth_3ds/processed_struct_safe/200000/upper/01J9K9S6,200000,1
37,014F2T8F,upper,/home/htaucare/Tesis_Amaro/data/Teeth_3ds/processed_struct_safe/200000/upper/014F2T8F,200000,1
916,YCJO4386,upper,/home/htaucare/Tesis_Amaro/data/Teeth_3ds/processed_struct_safe/200000/upper/YCJO4386,200000,1
374,4PW7S6FP,upper,/home/htaucare/Tesis_Amaro/data/Teeth_3ds/processed_struct_safe/200000/upper/4PW7S6FP,200000,1
469,AJP25A9G,upper,/home/htaucare/Tesis_Amaro/data/Teeth_3ds/processed_struct_safe/200000/upper/AJP25A9G,200000,1
918,YJXIBVIM,upper,/home/htaucare/Tesis_Amaro/data/Teeth_3ds/processed_struct_safe/200000/upper/YJXIBVIM,200000,1
808,T21AWMTR,upper,/home/htaucare/Tesis_Amaro/data/Teeth_3ds/processed_struct_safe/200000/upper/T21AWMTR,200000,1
846,VBUD4E5R,upper,/home/htaucare/Tesis_Amaro/data/Teeth_3ds/processed_struct_safe/200000/upper/VBUD4E5R,200000,1
194,01FGGPZX,upper,/home/htaucare/Tesis_Amaro/data/Teeth_3ds/processed_struct_safe/200000/upper/01FGGPZX,200000,1
811,T9NVJ8ZL,upper,/home/htaucare/Tesis_Amaro/data/Teeth_3ds/processed_struct_safe/200000/upper/T9NVJ8ZL,200000,1
863,W06EM826,upper,/home/htaucare/Tesis_Amaro/data/Teeth_3ds/processed_struct_safe/200000/upper/W06EM826,200000,1
503,C6C00RHE,upper,/home/htaucare/Tesis_Amaro/data/Teeth_3ds/processed_struct_safe/200000/upper/C6C00RHE,200000,1
920,YN26T284,upper,/home/htaucare/Tesis_Amaro/data/Teeth_3ds/processed_struct_safe/200000/upper/YN26T284,200000,1
789,S18Q8Q4Z,upper,/home/htaucare/Tesis_Amaro/data/Teeth_3ds/processed_struct_safe/200000/upper/S18Q8Q4Z,200000,1
579,FWTHWWD3,upper,/home/htaucare/Tesis_Amaro/data/Teeth_3ds/processed_struct_safe/200000/upper/FWTHWWD3,200000,1
919,YMB2MN8L,upper,/home/htaucare/Tesis_Amaro/data/Teeth_3ds/processed_struct_safe/200000/upper/YMB2MN8L,200000,1
162,01CCTTK4,upper,/home/htaucare/Tesis_Amaro/data/Teeth_3ds/processed_struct_safe/200000/upper/01CCTTK4,200000,1
668,KC1RZ7D9,upper,/home/htaucare/Tesis_Amaro/data/Teeth_3ds/processed_struct_safe/200000/upper/KC1RZ7D9,200000,1
152,01A91JH6,upper,/home/htaucare/Tesis_Amaro/data/Teeth_3ds/processed_struct_safe/200000/upper/01A91JH6,200000,1
827,UHU2XH25,upper,/home/htaucare/Tesis_Amaro/data/Teeth_3ds/processed_struct_safe/200000/upper/UHU2XH25,200000,1
666,KBGVMAF7,upper,/home/htaucare/Tesis_Amaro/data/Teeth_3ds/processed_struct_safe/200000/upper/KBGVMAF7,200000,1
718,NQJYZS60,upper,/home/htaucare/Tesis_Amaro/data/Teeth_3ds/processed_struct_safe/200000/upper/NQJYZS60,200000,1
111,017UWE8F,upper,/home/htaucare/Tesis_Amaro/data/Teeth_3ds/processed_struct_safe/200000/upper/017UWE8F,200000,1
226,01J4YSDX,upper,/home/htaucare/Tesis_Amaro/data/Teeth_3ds/processed_struct_safe/200000/upper/01J4YSDX,200000,1
816,TUXRQYU8,upper,/home/htaucare/Tesis_Amaro/data/Teeth_3ds/processed_struct_safe/200000/upper/TUXRQYU8,200000,1
103,0178P1CT,upper,/home/htaucare/Tesis_Amaro/data/Teeth_3ds/processed_struct_safe/200000/upper/0178P1CT,200000,1
421,7DRMXZ3A,upper,/home/htaucare/Tesis_Amaro/data/Teeth_3ds/processed_struct_safe/200000/upper/7DRMXZ3A,200000,1
419,7B46ZOVS,upper,/home/htaucare/Tesis_Amaro/data/Teeth_3ds/processed_struct_safe/200000/upper/7B46ZOVS,200000,1
713,N8SOKA9R,upper,/home/htaucare/Tesis_Amaro/data/Teeth_3ds/processed_struct_safe/200000/upper/N8SOKA9R,200000,1
586,GB5JUSDJ,upper,/home/htaucare/Tesis_Amaro/data/Teeth_3ds/processed_struct_safe/200000/upper/GB5JUSDJ,200000,1
781,RSUL1J8U,upper,/home/htaucare/Tesis_Amaro/data/Teeth_3ds/processed_struct_safe/200000/upper/RSUL1J8U,200000,1
119,018W5JTD,upper,/home/htaucare/Tesis_Amaro/data/Teeth_3ds/processed_struct_safe/200000/upper/018W5JTD,200000,1
53,01502VH6,upper,/home/htaucare/Tesis_Amaro/data/Teeth_3ds/processed_struct_safe/200000/upper/01502VH6,200000,1
151,01A6HG3N,upper,/home/htaucare/Tesis_Amaro/data/Teeth_3ds/processed_struct_safe/200000/upper/01A6HG3N,200000,1
403,6I8A5049,upper,/home/htaucare/Tesis_Amaro/data/Teeth_3ds/processed_struct_safe/200000/upper/6I8A5049,200000,1
896,XDKV81OZ,upper,/home/htaucare/Tesis_Amaro/data/Teeth_3ds/processed_struct_safe/200000/upper/XDKV81OZ,200000,0
207,01FVAE34,upper,/home/htaucare/Tesis_Amaro/data/Teeth_3ds/processed_struct_safe/200000/upper/01FVAE34,200000,1
802,SMF65G9B,upper,/home/htaucare/Tesis_Amaro/data/Teeth_3ds/processed_struct_safe/200000/upper/SMF65G9B,200000,1
800,SJDH33M1,upper,/home/htaucare/Tesis_Amaro/data/Teeth_3ds/processed_struct_safe/200000/upper/SJDH33M1,200000,1
8,013H18FF,upper,/home/htaucare/Tesis_Amaro/data/Teeth_3ds/processed_struct_safe/200000/upper/013H18FF,200000,1
767,QOCAWJXM,upper,/home/htaucare/Tesis_Amaro/data/Teeth_3ds/processed_struct_safe/200000/upper/QOCAWJXM,200000,1
36,014EZU5V,upper,/home/htaucare/Tesis_Amaro/data/Teeth_3ds/processed_struct_safe/200000/upper/014EZU5V,200000,1
452,9LWEGQLI,upper,/home/htaucare/Tesis_Amaro/data/Teeth_3ds/processed_struct_safe/200000/upper/9LWEGQLI,200000,1
651,JJEIMAPR,upper,/home/htaucare/Tesis_Amaro/data/Teeth_3ds/processed_struct_safe/200000/upper/JJEIMAPR,200000,1
253,01KRDUKX,upper,/home/htaucare/Tesis_Amaro/data/Teeth_3ds/processed_struct_safe/200000/upper/01KRDUKX,200000,1
303,15AIQVK8,upper,/home/htaucare/Tesis_Amaro/data/Teeth_3ds/processed_struct_safe/200000/upper/15AIQVK8,200000,1
739,OS06596E,upper,/home/htaucare/Tesis_Amaro/data/Teeth_3ds/processed_struct_safe/200000/upper/OS06596E,200000,1
571,FFET1F1B,upper,/home/htaucare/Tesis_Amaro/data/Teeth_3ds/processed_struct_safe/200000/upper/FFET1F1B,200000,0
623,I13W39XQ,upper,/home/htaucare/Tesis_Amaro/data/Teeth_3ds/processed_struct_safe/200000/upper/I13W39XQ,200000,1
675,KW108G1P,upper,/home/htaucare/Tesis_Amaro/data/Teeth_3ds/processed_struct_safe/200000/upper/KW108G1P,200000,1
685,LBY32W80,upper,/home/htaucare/Tesis_Amaro/data/Teeth_3ds/processed_struct_safe/200000/upper/LBY32W80,200000,1
262,01M24NSZ,upper,/home/htaucare/Tesis_Amaro/data/Teeth_3ds/processed_struct_safe/200000/upper/01M24NSZ,200000,1
610,HJ6KHV47,upper,/home/htaucare/Tesis_Amaro/data/Teeth_3ds/processed_struct_safe/200000/upper/HJ6KHV47,200000,0
297,0Y047OQK,upper,/home/htaucare/Tesis_Amaro/data/Teeth_3ds/processed_struct_safe/200000/upper/0Y047OQK,200000,1
414,6X2UD6H6,upper,/home/htaucare/Tesis_Amaro/data/Teeth_3ds/processed_struct_safe/200000/upper/6X2UD6H6,200000,1
150,01A6HE9H,upper,/home/htaucare/Tesis_Amaro/data/Teeth_3ds/processed_struct_safe/200000/upper/01A6HE9H,200000,1
750,PKPW730K,upper,/home/htaucare/Tesis_Amaro/data/Teeth_3ds/processed_struct_safe/200000/upper/PKPW730K,200000,1
640,ISX690IR,upper,/home/htaucare/Tesis_Amaro/data/Teeth_3ds/processed_struct_safe/200000/upper/ISX690IR,200000,1
843,V6R7KK6G,upper,/home/htaucare/Tesis_Amaro/data/Teeth_3ds/processed_struct_safe/200000/upper/V6R7KK6G,200000,1
550,E552BK9X,upper,/home/htaucare/Tesis_Amaro/data/Teeth_3ds/processed_struct_safe/200000/upper/E552BK9X,200000,1
753,PP48V5RU,upper,/home/htaucare/Tesis_Amaro/data/Teeth_3ds/processed_struct_safe/200000/upper/PP48V5RU,200000,1
488,BBHLWUPK,upper,/home/htaucare/Tesis_Amaro/data/Teeth_3ds/processed_struct_safe/200000/upper/BBHLWUPK,200000,1
147,01A6GW4A,upper,/home/htaucare/Tesis_Amaro/data/Teeth_3ds/processed_struct_safe/200000/upper/01A6GW4A,200000,1
146,019ZMN7R,upper,/home/htaucare/Tesis_Amaro/data/Teeth_3ds/processed_struct_safe/200000/upper/019ZMN7R,200000,1
903,XKTTBEE0,upper,/home/htaucare/Tesis_Amaro/data/Teeth_3ds/processed_struct_safe/200000/upper/XKTTBEE0,200000,1
882,X3EW8O0A,upper,/home/htaucare/Tesis_Amaro/data/Teeth_3ds/processed_struct_safe/200000/upper/X3EW8O0A,200000,1
703,MGYSCSI9,upper,/home/htaucare/Tesis_Amaro/data/Teeth_3ds/processed_struct_safe/200000/upper/MGYSCSI9,200000,1
659,K4BAII5F,upper,/home/htaucare/Tesis_Amaro/data/Teeth_3ds/processed_struct_safe/200000/upper/K4BAII5F,200000,1
348,3JIYO434,upper,/home/htaucare/Tesis_Amaro/data/Teeth_3ds/processed_struct_safe/200000/upper/3JIYO434,200000,0
463,9YQIGSGN,upper,/home/htaucare/Tesis_Amaro/data/Teeth_3ds/processed_struct_safe/200000/upper/9YQIGSGN,200000,1
325,2C4FVXU0,upper,/home/htaucare/Tesis_Amaro/data/Teeth_3ds/processed_struct_safe/200000/upper/2C4FVXU0,200000,1
186,01F4SYN8,upper,/home/htaucare/Tesis_Amaro/data/Teeth_3ds/processed_struct_safe/200000/upper/01F4SYN8,200000,1
123,0199XT22,upper,/home/htaucare/Tesis_Amaro/data/Teeth_3ds/processed_struct_safe/200000/upper/0199XT22,200000,1
810,T9GV3ZWX,upper,/home/htaucare/Tesis_Amaro/data/Teeth_3ds/processed_struct_safe/200000/upper/T9GV3ZWX,200000,1
608,HDVYC7UQ,upper,/home/htaucare/Tesis_Amaro/data/Teeth_3ds/processed_struct_safe/200000/upper/HDVYC7UQ,200000,1
143,019ZHT7Z,upper,/home/htaucare/Tesis_Amaro/data/Teeth_3ds/processed_struct_safe/200000/upper/019ZHT7Z,200000,1
909,XTF24UY3,upper,/home/htaucare/Tesis_Amaro/data/Teeth_3ds/processed_struct_safe/200000/upper/XTF24UY3,200000,1
197,01FJTJU6,upper,/home/htaucare/Tesis_Amaro/data/Teeth_3ds/processed_struct_safe/200000/upper/01FJTJU6,200000,1
609,HE565KIU,upper,/home/htaucare/Tesis_Amaro/data/Teeth_3ds/processed_struct_safe/200000/upper/HE565KIU,200000,1
279,09HRNJZ8,upper,/home/htaucare/Tesis_Amaro/data/Teeth_3ds/processed_struct_safe/200000/upper/09HRNJZ8,200000,1
293,0TMOBYXS,upper,/home/htaucare/Tesis_Amaro/data/Teeth_3ds/processed_struct_safe/200000/upper/0TMOBYXS,200000,1
400,6B5BDMQS,upper,/home/htaucare/Tesis_Amaro/data/Teeth_3ds/processed_struct_safe/200000/upper/6B5BDMQS,200000,1
122,0191WKPV,upper,/home/htaucare/Tesis_Amaro/data/Teeth_3ds/processed_struct_safe/200000/upper/0191WKPV,200000,1
183,01EU1338,upper,/home/htaucare/Tesis_Amaro/data/Teeth_3ds/processed_struct_safe/200000/upper/01EU1338,200000,1
202,01FR9KKX,upper,/home/htaucare/Tesis_Amaro/data/Teeth_3ds/processed_struct_safe/200000/upper/01FR9KKX,200000,1
438,8JYS0DD1,upper,/home/htaucare/Tesis_Amaro/data/Teeth_3ds/processed_struct_safe/200000/upper/8JYS0DD1,200000,1
246,01KEK90A,upper,/home/htaucare/Tesis_Amaro/data/Teeth_3ds/processed_struct_safe/200000/upper/01KEK90A,200000,1
415,6XSU5W4B,upper,/home/htaucare/Tesis_Amaro/data/Teeth_3ds/processed_struct_safe/200000/upper/6XSU5W4B,200000,1
728,OE8BA9EK,upper,/home/htaucare/Tesis_Amaro/data/Teeth_3ds/processed_struct_safe/200000/upper/OE8BA9EK,200000,1
731,OF53RU5D,upper,/home/htaucare/Tesis_Amaro/data/Teeth_3ds/processed_struct_safe/200000/upper/OF53RU5D,200000,0
842,V68KILV2,upper,/home/htaucare/Tesis_Amaro/data/Teeth_3ds/processed_struct_safe/200000/upper/V68KILV2,200000,1
129,019GEJTN,upper,/home/htaucare/Tesis_Amaro/data/Teeth_3ds/processed_struct_safe/200000/upper/019GEJTN,200000,1
637,IMFA1IHI,upper,/home/htaucare/Tesis_Amaro/data/Teeth_3ds/processed_struct_safe/200000/upper/IMFA1IHI,200000,1
402,6FUR0HKF,upper,/home/htaucare/Tesis_Amaro/data/Teeth_3ds/processed_struct_safe/200000/upper/6FUR0HKF,200000,1
746,P93TYL9E,upper,/home/htaucare/Tesis_Amaro/data/Teeth_3ds/processed_struct_safe/200000/upper/P93TYL9E,200000,0
777,RAFITTZB,upper,/home/htaucare/Tesis_Amaro/data/Teeth_3ds/processed_struct_safe/200000/upper/RAFITTZB,200000,1
866,W7PDBF6N,upper,/home/htaucare/Tesis_Amaro/data/Teeth_3ds/processed_struct_safe/200000/upper/W7PDBF6N,200000,1
219,01HXMTNF,upper,/home/htaucare/Tesis_Amaro/data/Teeth_3ds/processed_struct_safe/200000/upper/01HXMTNF,200000,1
641,ITB1L2PL,upper,/home/htaucare/Tesis_Amaro/data/Teeth_3ds/processed_struct_safe/200000/upper/ITB1L2PL,200000,1
868,WBIEGF2H,upper,/home/htaucare/Tesis_Amaro/data/Teeth_3ds/processed_struct_safe/200000/upper/WBIEGF2H,200000,1
715,NFC5OJPM,upper,/home/htaucare/Tesis_Amaro/data/Teeth_3ds/processed_struct_safe/200000/upper/NFC5OJPM,200000,1
790,S1Y7IWMP,upper,/home/htaucare/Tesis_Amaro/data/Teeth_3ds/processed_struct_safe/200000/upper/S1Y7IWMP,200000,1
932,Z8HJR6YS,upper,/home/htaucare/Tesis_Amaro/data/Teeth_3ds/processed_struct_safe/200000/upper/Z8HJR6YS,200000,1
624,I3PL4JRE,upper,/home/htaucare/Tesis_Amaro/data/Teeth_3ds/processed_struct_safe/200000/upper/I3PL4JRE,200000,1
797,SFTVTQOW,upper,/home/htaucare/Tesis_Amaro/data/Teeth_3ds/processed_struct_safe/200000/upper/SFTVTQOW,200000,1
723,O2LXM8BS,upper,/home/htaucare/Tesis_Amaro/data/Teeth_3ds/processed_struct_safe/200000/upper/O2LXM8BS,200000,1
386,58M9IXQ2,upper,/home/htaucare/Tesis_Amaro/data/Teeth_3ds/processed_struct_safe/200000/upper/58M9IXQ2,200000,1
922,YQXY68KA,upper,/home/htaucare/Tesis_Amaro/data/Teeth_3ds/processed_struct_safe/200000/upper/YQXY68KA,200000,1
509,CIGUMDD0,upper,/home/htaucare/Tesis_Amaro/data/Teeth_3ds/processed_struct_safe/200000/upper/CIGUMDD0,200000,1
267,01M6SK94,upper,/home/htaucare/Tesis_Amaro/data/Teeth_3ds/processed_struct_safe/200000/upper/01M6SK94,200000,1
809,T4YI54O5,upper,/home/htaucare/Tesis_Amaro/data/Teeth_3ds/processed_struct_safe/200000/upper/T4YI54O5,200000,1
441,8QFKXVYB,upper,/home/htaucare/Tesis_Amaro/data/Teeth_3ds/processed_struct_safe/200000/upper/8QFKXVYB,200000,1
496,BUGB9DY1,upper,/home/htaucare/Tesis_Amaro/data/Teeth_3ds/processed_struct_safe/200000/upper/BUGB9DY1,200000,1
112,017UXKRN,upper,/home/htaucare/Tesis_Amaro/data/Teeth_3ds/processed_struct_safe/200000/upper/017UXKRN,200000,1
691,LNQ2C7W2,upper,/home/htaucare/Tesis_Amaro/data/Teeth_3ds/processed_struct_safe/200000/upper/LNQ2C7W2,200000,1
232,01JHAGK0,upper,/home/htaucare/Tesis_Amaro/data/Teeth_3ds/processed_struct_safe/200000/upper/01JHAGK0,200000,1
826,UEPDPBK2,upper,/home/htaucare/Tesis_Amaro/data/Teeth_3ds/processed_struct_safe/200000/upper/UEPDPBK2,200000,1
607,HCGXNZ4O,upper,/home/htaucare/Tesis_Amaro/data/Teeth_3ds/processed_struct_safe/200000/upper/HCGXNZ4O,200000,1
671,KNIH5AER,upper,/home/htaucare/Tesis_Amaro/data/Teeth_3ds/processed_struct_safe/200000/upper/KNIH5AER,200000,1
373,4OWAG3SG,upper,/home/htaucare/Tesis_Amaro/data/Teeth_3ds/processed_struct_safe/200000/upper/4OWAG3SG,200000,1
931,Z83V9A9D,upper,/home/htaucare/Tesis_Amaro/data/Teeth_3ds/processed_struct_safe/200000/upper/Z83V9A9D,200000,1
801,SL5I9AXM,upper,/home/htaucare/Tesis_Amaro/data/Teeth_3ds/processed_struct_safe/200000/upper/SL5I9AXM,200000,1
233,01JHDRT4,upper,/home/htaucare/Tesis_Amaro/data/Teeth_3ds/processed_struct_safe/200000/upper/01JHDRT4,200000,1
914,Y9WQHQMT,upper,/home/htaucare/Tesis_Amaro/data/Teeth_3ds/processed_struct_safe/200000/upper/Y9WQHQMT,200000,1
676,KWWQJ60M,upper,/home/htaucare/Tesis_Amaro/data/Teeth_3ds/processed_struct_safe/200000/upper/KWWQJ60M,200000,1
317,230CAJXL,upper,/home/htaucare/Tesis_Amaro/data/Teeth_3ds/processed_struct_safe/200000/upper/230CAJXL,200000,1
648,JFQDC74U,upper,/home/htaucare/Tesis_Amaro/data/Teeth_3ds/processed_struct_safe/200000/upper/JFQDC74U,200000,1
410,6TVH3SNC,upper,/home/htaucare/Tesis_Amaro/data/Teeth_3ds/processed_struct_safe/200000/upper/6TVH3SNC,200000,1
852,VJZXIP9X,upper,/home/htaucare/Tesis_Amaro/data/Teeth_3ds/processed_struct_safe/200000/upper/VJZXIP9X,200000,1
709,MXWH2ZXJ,upper,/home/htaucare/Tesis_Amaro/data/Teeth_3ds/processed_struct_safe/200000/upper/MXWH2ZXJ,200000,1
358,3Y8A14TI,upper,/home/htaucare/Tesis_Amaro/data/Teeth_3ds/processed_struct_safe/200000/upper/3Y8A14TI,200000,1
258,01KXSPAA,upper,/home/htaucare/Tesis_Amaro/data/Teeth_3ds/processed_struct_safe/200000/upper/01KXSPAA,200000,1
627,I8V5YEDR,upper,/home/htaucare/Tesis_Amaro/data/Teeth_3ds/processed_struct_safe/200000/upper/I8V5YEDR,200000,1
632,IF1GKK1E,upper,/home/htaucare/Tesis_Amaro/data/Teeth_3ds/processed_struct_safe/200000/upper/IF1GKK1E,200000,1
282,0EAKT1CU,upper,/home/htaucare/Tesis_Amaro/data/Teeth_3ds/processed_struct_safe/200000/upper/0EAKT1CU,200000,1
376,4TXFGFJS,upper,/home/htaucare/Tesis_Amaro/data/Teeth_3ds/processed_struct_safe/200000/upper/4TXFGFJS,200000,1
384,55EXF0WK,upper,/home/htaucare/Tesis_Amaro/data/Teeth_3ds/processed_struct_safe/200000/upper/55EXF0WK,200000,1
224,01J24RCK,upper,/home/htaucare/Tesis_Amaro/data/Teeth_3ds/processed_struct_safe/200000/upper/01J24RCK,200000,1
904,XMFOMUYV,upper,/home/htaucare/Tesis_Amaro/data/Teeth_3ds/processed_struct_safe/200000/upper/XMFOMUYV,200000,1
774,R7SB5B5N,upper,/home/htaucare/Tesis_Amaro/data/Teeth_3ds/processed_struct_safe/200000/upper/R7SB5B5N,200000,1
472,ANLLPLV7,upper,/home/htaucare/Tesis_Amaro/data/Teeth_3ds/processed_struct_safe/200000/upper/ANLLPLV7,200000,1
347,3JCUF41E,upper,/home/htaucare/Tesis_Amaro/data/Teeth_3ds/processed_struct_safe/200000/upper/3JCUF41E,200000,1
505,CBH07YND,upper,/home/htaucare/Tesis_Amaro/data/Teeth_3ds/processed_struct_safe/200000/upper/CBH07YND,200000,1
639,IODU1NRC,upper,/home/htaucare/Tesis_Amaro/data/Teeth_3ds/processed_struct_safe/200000/upper/IODU1NRC,200000,1
937,ZGAEQQH7,upper,/home/htaucare/Tesis_Amaro/data/Teeth_3ds/processed_struct_safe/200000/upper/ZGAEQQH7,200000,1
880,X2J0T3NG,upper,/home/htaucare/Tesis_Amaro/data/Teeth_3ds/processed_struct_safe/200000/upper/X2J0T3NG,200000,1
858,VS5EECWH,upper,/home/htaucare/Tesis_Amaro/data/Teeth_3ds/processed_struct_safe/200000/upper/VS5EECWH,200000,1
619,HWO9T72O,upper,/home/htaucare/Tesis_Amaro/data/Teeth_3ds/processed_struct_safe/200000/upper/HWO9T72O,200000,1
832,ULCJXQS5,upper,/home/htaucare/Tesis_Amaro/data/Teeth_3ds/processed_struct_safe/200000/upper/ULCJXQS5,200000,1
645,J8CXVF59,upper,/home/htaucare/Tesis_Amaro/data/Teeth_3ds/processed_struct_safe/200000/upper/J8CXVF59,200000,1
