idx,pid,case_upper,case_lower
239,01K17AN8,01K17AN8,01K17AN8
873,XAET4JJL,XAET4JJL,XAET4JJL
522,DGUTSTAN,DGUTSTAN,DGUTSTAN
843,VVUXTBF8,VVUXTBF8,VVUXTBF8
677,LNELLH3H,LNELLH3H,LNELLH3H
824,V4CI6LT2,V4CI6LT2,V4CI6LT2
508,CVXIS1C2,CVXIS1C2,CVXIS1C2
414,7CPH3KRT,7CPH3KRT,7CPH3KRT
211,01G1AKV2,01G1AKV2,01G1AKV2
92,016SVMHT,016SVMHT,016SVMHT
118,018VF1PV,018VF1PV,018VF1PV
881,XGOF741N,XGOF741N,XGOF741N
657,KKBN198S,KKBN198S,KKBN198S
131,019M7KEN,019M7KEN,019M7KEN
636,JFZUIR52,JFZUIR52,JFZUIR52
9,013H3Y8H,013H3Y8H,013H3Y8H
99,0171X5EV,0171X5EV,0171X5EV
463,AKBDPB4C,AKBDPB4C,AKBDPB4C
437,8WZSZBYG,8WZSZBYG,8WZSZBYG
601,HM1A4QZR,HM1A4QZR,HM1A4QZR
760,R8YTI9HB,R8YTI9HB,R8YTI9HB
257,01KXSC9K,01KXSC9K,01KXSC9K
641,JTK0GQ2B,JTK0GQ2B,JTK0GQ2B
367,4OPR2WF4,4OPR2WF4,4OPR2WF4
835,VGZWVOXX,VGZWVOXX,VGZWVOXX
436,8T3LV6TZ,8T3LV6TZ,8T3LV6TZ
201,01FR2S9H,01FR2S9H,01FR2S9H
838,VNRRN6ZF,VNRRN6ZF,VNRRN6ZF
920,ZGH1UT1Q,ZGH1UT1Q,ZGH1UT1Q
392,67PV9M7X,67PV9M7X,67PV9M7X
551,ERCT8ZLW,ERCT8ZLW,ERCT8ZLW
681,LSMGKLAH,LSMGKLAH,LSMGKLAH
735,PJMBC3TB,PJMBC3TB,PJMBC3TB
858,WME8HO0N,WME8HO0N,WME8HO0N
762,RAFITTZB,RAFITTZB,RAFITTZB
783,SGIFTXFD,SGIFTXFD,SGIFTXFD
716,OEIWQQMQ,OEIWQQMQ,OEIWQQMQ
51,014ZTUSK,014ZTUSK,014ZTUSK
366,4O6ZE6F3,4O6ZE6F3,4O6ZE6F3
256,01KTSH6A,01KTSH6A,01KTSH6A
752,QOCAWJXM,QOCAWJXM,QOCAWJXM
478,B7ZCYID1,B7ZCYID1,B7ZCYID1
482,BEONHKS1,BEONHKS1,BEONHKS1
728,P0YTJU57,P0YTJU57,P0YTJU57
686,M7RTPNPC,M7RTPNPC,M7RTPNPC
719,OJKNS9DO,OJKNS9DO,OJKNS9DO
327,2GB3W1J0,2GB3W1J0,2GB3W1J0
361,4I10EMWA,4I10EMWA,4I10EMWA
847,W06EM826,W06EM826,W06EM826
528,DNDYES9U,DNDYES9U,DNDYES9U
634,JDRJHMFZ,JDRJHMFZ,JDRJHMFZ
585,GUQJRTL9,GUQJRTL9,GUQJRTL9
455,9Y5UP7GB,9Y5UP7GB,9Y5UP7GB
688,MBCDT4BG,MBCDT4BG,MBCDT4BG
117,018UV7KV,018UV7KV,018UV7KV
926,ameziani,ameziani,ameziani
922,ZK5A0EXI,ZK5A0EXI,ZK5A0EXI
424,82D9U6D6,82D9U6D6,82D9U6D6
687,MAIPESOV,MAIPESOV,MAIPESOV
340,3EIXXI7Z,3EIXXI7Z,3EIXXI7Z
378,552HVG7E,552HVG7E,552HVG7E
631,J1A5FRQN,J1A5FRQN,J1A5FRQN
165,01CJ68G2,01CJ68G2,01CJ68G2
461,AG7BV5B1,AG7BV5B1,AG7BV5B1
20,013Z9SM2,013Z9SM2,013Z9SM2
185,01F4RGN8,01F4RGN8,01F4RGN8
306,1FJ3MLSY,1FJ3MLSY,1FJ3MLSY
339,3DDGECCR,3DDGECCR,3DDGECCR
383,5JOHQLJK,5JOHQLJK,5JOHQLJK
532,DVVHA02D,DVVHA02D,DVVHA02D
831,VBUD4E5R,VBUD4E5R,VBUD4E5R
141,019Z57FF,019Z57FF,019Z57FF
113,017UYAW4,017UYAW4,017UYAW4
587,H1HUQBYJ,H1HUQBYJ,H1HUQBYJ
450,9S7DPB1Q,9S7DPB1Q,9S7DPB1Q
179,01EH2EGV,01EH2EGV,01EH2EGV
193,01FG729R,01FG729R,01FG729R
116,018RSPYF,018RSPYF,018RSPYF
591,H83RDQT1,H83RDQT1,H83RDQT1
883,XH94C2GV,XH94C2GV,XH94C2GV
253,01KRDUKX,01KRDUKX,01KRDUKX
11,013NUWYR,013NUWYR,013NUWYR
821,UQOLOI86,UQOLOI86,UQOLOI86
418,7IKF2TIW,7IKF2TIW,7IKF2TIW
299,13AFGBBC,13AFGBBC,13AFGBBC
720,OLS97NA3,OLS97NA3,OLS97NA3
180,01ENJ8TT,01ENJ8TT,01ENJ8TT
15,013TXGFK,013TXGFK,013TXGFK
663,KWWQJ60M,KWWQJ60M,KWWQJ60M
452,9U19TREK,9U19TREK,9U19TREK
575,GE7LXGDG,GE7LXGDG,GE7LXGDG
618,IBG3DGZJ,IBG3DGZJ,IBG3DGZJ
798,THGBYHX3,THGBYHX3,THGBYHX3
382,5J9O0LG3,5J9O0LG3,5J9O0LG3
715,OE8BA9EK,OE8BA9EK,OE8BA9EK
176,01ECZRY6,01ECZRY6,01ECZRY6
35,014ADZ2K,014ADZ2K,014ADZ2K
138,019TTV1D,019TTV1D,019TTV1D
605,HT9XQCYL,HT9XQCYL,HT9XQCYL
53,01502VH6,01502VH6,01502VH6
321,276N3YRC,276N3YRC,276N3YRC
377,54RS4WY0,54RS4WY0,54RS4WY0
701,N9K2UFAU,N9K2UFAU,N9K2UFAU
896,Y9WQHQMT,Y9WQHQMT,Y9WQHQMT
524,DINKGROB,DINKGROB,DINKGROB
6,013FHA7K,013FHA7K,013FHA7K
607,HZH8DYC7,HZH8DYC7,HZH8DYC7
155,01ADYT70,01ADYT70,01ADYT70
157,01AKES86,01AKES86,01AKES86
471,AVI68NCT,AVI68NCT,AVI68NCT
691,MHDYIWUS,MHDYIWUS,MHDYIWUS
554,F5NBC5X3,F5NBC5X3,F5NBC5X3
336,35XFO1ZF,35XFO1ZF,35XFO1ZF
507,CVTHSBS5,CVTHSBS5,CVTHSBS5
46,014WKP6A,014WKP6A,014WKP6A
497,CBSF6Q84,CBSF6Q84,CBSF6Q84
333,2U54CEI3,2U54CEI3,2U54CEI3
586,GW8YVYNF,GW8YVYNF,GW8YVYNF
448,9R5CDLK4,9R5CDLK4,9R5CDLK4
876,XCBAJJUV,XCBAJJUV,XCBAJJUV
565,FUYJPUPX,FUYJPUPX,FUYJPUPX
902,YN26T284,YN26T284,YN26T284
16,013V9CKV,013V9CKV,013V9CKV
849,W6T6G0B6,W6T6G0B6,W6T6G0B6
282,0EAKT1CU,0EAKT1CU,0EAKT1CU
516,DBNTTNY9,DBNTTNY9,DBNTTNY9
349,3PLVMF2P,3PLVMF2P,3PLVMF2P
871,X9QY6TGT,X9QY6TGT,X9QY6TGT
534,DXNHHADD,DXNHHADD,DXNHHADD
209,01FX95TX,01FX95TX,01FX95TX
285,0JN50XQR,0JN50XQR,0JN50XQR
816,UKH51GS2,UKH51GS2,UKH51GS2
183,01EU1338,01EU1338,01EU1338
612,I3T81ZK8,I3T81ZK8,I3T81ZK8
635,JFQDC74U,JFQDC74U,JFQDC74U
796,T9NVJ8ZL,T9NVJ8ZL,T9NVJ8ZL
736,PKPW730K,PKPW730K,PKPW730K
370,4PW7S6FP,4PW7S6FP,4PW7S6FP
786,SL5I9AXM,SL5I9AXM,SL5I9AXM
649,K70NYZYE,K70NYZYE,K70NYZYE
150,01A6HE9H,01A6HE9H,01A6HE9H
877,XD63NNJX,XD63NNJX,XD63NNJX
205,01FUZ18R,01FUZ18R,01FUZ18R
74,015SW0RN,015SW0RN,015SW0RN
721,OO75RHX3,OO75RHX3,OO75RHX3
766,RSUL1J8U,RSUL1J8U,RSUL1J8U
884,XKC3KSSB,XKC3KSSB,XKC3KSSB
780,SE68JIRS,SE68JIRS,SE68JIRS
725,OS06596E,OS06596E,OS06596E
908,Z1OCAFH9,Z1OCAFH9,Z1OCAFH9
72,015RM178,015RM178,015RM178
47,014X0F4K,014X0F4K,014X0F4K
526,DKZWON8N,DKZWON8N,DKZWON8N
678,LNQ2C7W2,LNQ2C7W2,LNQ2C7W2
761,R95ZJSBF,R95ZJSBF,R95ZJSBF
895,Y8NWJUEB,Y8NWJUEB,Y8NWJUEB
921,ZK06H6RE,ZK06H6RE,ZK06H6RE
839,VQENDTP2,VQENDTP2,VQENDTP2
191,01FC0082,01FC0082,01FC0082
226,01J4YSDX,01J4YSDX,01J4YSDX
620,IFB97TD3,IFB97TD3,IFB97TD3
75,015WW8D6,015WW8D6,015WW8D6
222,01J07922,01J07922,01J07922
655,KC1RZ7D9,KC1RZ7D9,KC1RZ7D9
120,018XZVD6,018XZVD6,018XZVD6
202,01FR9KKX,01FR9KKX,01FR9KKX
132,019NJEW6,019NJEW6,019NJEW6
834,VEAVRKX3,VEAVRKX3,VEAVRKX3
7,013FWKMZ,013FWKMZ,013FWKMZ
560,FGXB4D4K,FGXB4D4K,FGXB4D4K
411,78WMB1PB,78WMB1PB,78WMB1PB
758,R544MS3L,R544MS3L,R544MS3L
818,ULYCMXUY,ULYCMXUY,ULYCMXUY
95,016THRCV,016THRCV,016THRCV
325,2CE5VDAE,2CE5VDAE,2CE5VDAE
628,ITB1L2PL,ITB1L2PL,ITB1L2PL
531,DRCZLIQA,DRCZLIQA,DRCZLIQA
24,0140VD2R,0140VD2R,0140VD2R
825,V5KEFD0N,V5KEFD0N,V5KEFD0N
503,CNUR69O9,CNUR69O9,CNUR69O9
199,01FPTYH2,01FPTYH2,01FPTYH2
535,E0CUCLHY,E0CUCLHY,E0CUCLHY
885,XKTTBEE0,XKTTBEE0,XKTTBEE0
695,MX0PKG9L,MX0PKG9L,MX0PKG9L
3,01343APK,01343APK,01343APK
802,TVSR5QBQ,TVSR5QBQ,TVSR5QBQ
626,IODU1NRC,IODU1NRC,IODU1NRC
556,F92OKIOI,F92OKIOI,F92OKIOI
400,6N26U3H8,6N26U3H8,6N26U3H8
86,016FT33T,016FT33T,016FT33T
638,JJEIMAPR,JJEIMAPR,JJEIMAPR
218,01HMZ9RN,01HMZ9RN,01HMZ9RN
492,C4EMFL0D,C4EMFL0D,C4EMFL0D
224,01J24RCK,01J24RCK,01J24RCK
194,01FGGPZX,01FGGPZX,01FGGPZX
897,YBSESUN6,YBSESUN6,YBSESUN6
784,SI19V0MY,SI19V0MY,SI19V0MY
29,0142CYK4,0142CYK4,0142CYK4
865,X35AUUVF,X35AUUVF,X35AUUVF
404,6TVH3SNC,6TVH3SNC,6TVH3SNC
174,01E9V1EX,01E9V1EX,01E9V1EX
767,RTPHYQ5V,RTPHYQ5V,RTPHYQ5V
788,SMP891U8,SMP891U8,SMP891U8
451,9TLHF8TV,9TLHF8TV,9TLHF8TV
672,LBY32W80,LBY32W80,LBY32W80
909,Z27UU3OM,Z27UU3OM,Z27UU3OM
248,01KJXCTX,01KJXCTX,01KJXCTX
515,DA6ONC9Z,DA6ONC9Z,DA6ONC9Z
379,55EXF0WK,55EXF0WK,55EXF0WK
670,LA67YYVJ,LA67YYVJ,LA67YYVJ
904,YQXY68KA,YQXY68KA,YQXY68KA
90,016NA0VD,016NA0VD,016NA0VD
96,016X1CJT,016X1CJT,016X1CJT
316,22AEG48N,22AEG48N,22AEG48N
375,50O9GUWT,50O9GUWT,50O9GUWT
114,017YFPPR,017YFPPR,017YFPPR
128,019EMA3D,019EMA3D,019EMA3D
219,01HXMTNF,01HXMTNF,01HXMTNF
652,KAHYFGOY,KAHYFGOY,KAHYFGOY
106,017FADFV,017FADFV,017FADFV
5,013475VT,013475VT,013475VT
360,4G9LHQ2X,4G9LHQ2X,4G9LHQ2X
544,EBSXE6SY,EBSXE6SY,EBSXE6SY
268,01MAU84T,01MAU84T,01MAU84T
45,014S002X,014S002X,014S002X
342,3HRLKQ4M,3HRLKQ4M,3HRLKQ4M
206,01FV7258,01FV7258,01FV7258
284,0IU0UV8E,0IU0UV8E,0IU0UV8E
386,5M23YGJN,5M23YGJN,5M23YGJN
426,85ARPPFY,85ARPPFY,85ARPPFY
271,01MCCA3X,01MCCA3X,01MCCA3X
280,0AAQ6BO3,0AAQ6BO3,0AAQ6BO3
863,X273URFW,X273URFW,X273URFW
800,TTW81N1R,TTW81N1R,TTW81N1R
449,9RXZC3H4,9RXZC3H4,9RXZC3H4
225,01J4R99K,01J4R99K,01J4R99K
105,017APYC4,017APYC4,017APYC4
870,X9OQZ131,X9OQZ131,X9OQZ131
274,01MGY4X8,01MGY4X8,01MGY4X8
558,FBZLIQ1L,FBZLIQ1L,FBZLIQ1L
343,3IAO5RVQ,3IAO5RVQ,3IAO5RVQ
67,015DUP26,015DUP26,015DUP26
559,FFET1F1B,FFET1F1B,FFET1F1B
486,BT6UVVI2,BT6UVVI2,BT6UVVI2
453,9VI3MAFZ,9VI3MAFZ,9VI3MAFZ
94,016T80GN,016T80GN,016T80GN
55,01533UH2,01533UH2,01533UH2
808,U8V34P1M,U8V34P1M,U8V34P1M
310,1QHIL7V2,1QHIL7V2,1QHIL7V2
107,017FHD6X,017FHD6X,017FHD6X
562,FJPU30RL,FJPU30RL,FJPU30RL
490,C2SF98X5,C2SF98X5,C2SF98X5
614,I8V5YEDR,I8V5YEDR,I8V5YEDR
848,W33KWDRX,W33KWDRX,W33KWDRX
22,0140E7V2,0140E7V2,0140E7V2
494,C6C00RHE,C6C00RHE,C6C00RHE
312,1RT7WBH4,1RT7WBH4,1RT7WBH4
384,5JRH5J6E,5JRH5J6E,5JRH5J6E
541,E60GWYID,E60GWYID,E60GWYID
622,IHKL3Y8N,IHKL3Y8N,IHKL3Y8N
203,01FURZ62,01FURZ62,01FURZ62
730,P5NL90OZ,P5NL90OZ,P5NL90OZ
822,UQQWT9IH,UQQWT9IH,UQQWT9IH
619,IF1GKK1E,IF1GKK1E,IF1GKK1E
247,01KEV6ET,01KEV6ET,01KEV6ET
231,01JH0154,01JH0154,01JH0154
803,TZ2JPAJT,TZ2JPAJT,TZ2JPAJT
126,019EJZFH,019EJZFH,019EJZFH
315,211UTGV1,211UTGV1,211UTGV1
772,S0AON6PZ,S0AON6PZ,S0AON6PZ
153,01A9282X,01A9282X,01A9282X
661,KSHNN3DV,KSHNN3DV,KSHNN3DV
924,ZM8PCSK6,ZM8PCSK6,ZM8PCSK6
50,014ZTSJ8,014ZTSJ8,014ZTSJ8
237,01JZDW8K,01JZDW8K,01JZDW8K
664,KX9HKC3D,KX9HKC3D,KX9HKC3D
309,1MWJLE4X,1MWJLE4X,1MWJLE4X
230,01J9RWK6,01J9RWK6,01J9RWK6
134,019NUXJV,019NUXJV,019NUXJV
595,HDVYC7UQ,HDVYC7UQ,HDVYC7UQ
162,01CCTTK4,01CCTTK4,01CCTTK4
387,5N1YM01F,5N1YM01F,5N1YM01F
545,ECZA08SG,ECZA08SG,ECZA08SG
337,38JDN4ZV,38JDN4ZV,38JDN4ZV
477,B7JSFJPG,B7JSFJPG,B7JSFJPG
159,01AS72AN,01AS72AN,01AS72AN
130,019GGYZ4,019GGYZ4,019GGYZ4
12,013NXHPV,013NXHPV,013NXHPV
799,THY8Z5DD,THY8Z5DD,THY8Z5DD
910,Z4CBCCVE,Z4CBCCVE,Z4CBCCVE
245,01KCA1CT,01KCA1CT,01KCA1CT
568,G0CBNJGZ,G0CBNJGZ,G0CBNJGZ
8,013H18FF,013H18FF,013H18FF
335,2Z5OXS0K,2Z5OXS0K,2Z5OXS0K
644,K23X2RAU,K23X2RAU,K23X2RAU
536,E11NEPB6,E11NEPB6,E11NEPB6
504,CQZX40I5,CQZX40I5,CQZX40I5
71,015RHV4X,015RHV4X,015RHV4X
481,BC0OWLNW,BC0OWLNW,BC0OWLNW
923,ZKJEPFDD,ZKJEPFDD,ZKJEPFDD
204,01FUXUMF,01FUXUMF,01FUXUMF
111,017UWE8F,017UWE8F,017UWE8F
261,01M10NMV,01M10NMV,01M10NMV
69,015KFJV6,015KFJV6,015KFJV6
232,01JHAGK0,01JHAGK0,01JHAGK0
459,AD8EQEUR,AD8EQEUR,AD8EQEUR
0,00OMSZGW,00OMSZGW,00OMSZGW
676,LLJGPB8I,LLJGPB8I,LLJGPB8I
166,01DXDP2R,01DXDP2R,01DXDP2R
576,GG5ARUVQ,GG5ARUVQ,GG5ARUVQ
372,4TXFGFJS,4TXFGFJS,4TXFGFJS
868,X7Z33TIA,X7Z33TIA,X7Z33TIA
296,0VYQUKGQ,0VYQUKGQ,0VYQUKGQ
630,IUIE4BYI,IUIE4BYI,IUIE4BYI
227,01J54NZ0,01J54NZ0,01J54NZ0
184,01F4JV8X,01F4JV8X,01F4JV8X
454,9XPEHROH,9XPEHROH,9XPEHROH
600,HLA5ODT6,HLA5ODT6,HLA5ODT6
32,0148UTKX,0148UTKX,0148UTKX
65,015DK78F,015DK78F,015DK78F
837,VNM3GH9Z,VNM3GH9Z,VNM3GH9Z
351,3RHL4BKW,3RHL4BKW,3RHL4BKW
433,8OHPQ7X8,8OHPQ7X8,8OHPQ7X8
281,0DNK2I7H,0DNK2I7H,0DNK2I7H
109,017U1TED,017U1TED,017U1TED
501,CK45DVLG,CK45DVLG,CK45DVLG
221,01HY2W2Z,01HY2W2Z,01HY2W2Z
135,019P6PZD,019P6PZD,019P6PZD
198,01FPR7JA,01FPR7JA,01FPR7JA
34,014996KX,014996KX,014996KX
417,7IGA0W6E,7IGA0W6E,7IGA0W6E
742,PYAY9ZYX,PYAY9ZYX,PYAY9ZYX
412,79R5A68H,79R5A68H,79R5A68H
395,6BWQC0CT,6BWQC0CT,6BWQC0CT
861,WTZ3ZI3U,WTZ3ZI3U,WTZ3ZI3U
2,0132CR0A,0132CR0A,0132CR0A
714,ODC3F7X8,ODC3F7X8,ODC3F7X8
39,014JJ942,014JJ942,014JJ942
915,ZB8NU437,ZB8NU437,ZB8NU437
653,KBGVMAF7,KBGVMAF7,KBGVMAF7
139,019TUUZD,019TUUZD,019TUUZD
255,01KTRG9K,01KTRG9K,01KTRG9K
781,SEN849RI,SEN849RI,SEN849RI
829,V9CAFAV4,V9CAFAV4,V9CAFAV4
407,6X24ILNE,6X24ILNE,6X24ILNE
61,0158JZXN,0158JZXN,0158JZXN
440,92NOTURU,92NOTURU,92NOTURU
773,S14CSG9U,S14CSG9U,S14CSG9U
671,LAFJJKAE,LAFJJKAE,LAFJJKAE
446,9M60SBBP,9M60SBBP,9M60SBBP
163,01CCUKV4,01CCUKV4,01CCUKV4
362,4J24X0ES,4J24X0ES,4J24X0ES
806,U1HFBZ1F,U1HFBZ1F,U1HFBZ1F
334,2XV86U1F,2XV86U1F,2XV86U1F
297,0Y047OQK,0Y047OQK,0Y047OQK
855,WINM1RGX,WINM1RGX,WINM1RGX
467,APLDXK7R,APLDXK7R,APLDXK7R
566,FWTHWWD3,FWTHWWD3,FWTHWWD3
707,NV3U6JM9,NV3U6JM9,NV3U6JM9
81,01661EUZ,01661EUZ,01661EUZ
59,01558X1D,01558X1D,01558X1D
732,P93TYL9E,P93TYL9E,P93TYL9E
906,YV4OEIZ5,YV4OEIZ5,YV4OEIZ5
487,BTDMOORI,BTDMOORI,BTDMOORI
276,08VJ02L0,08VJ02L0,08VJ02L0
332,2TPJ3FG9,2TPJ3FG9,2TPJ3FG9
704,NQ2A571C,NQ2A571C,NQ2A571C
927,baliwish,baliwish,baliwish
894,Y8BV16EI,Y8BV16EI,Y8BV16EI
790,SW62DGWI,SW62DGWI,SW62DGWI
823,UX9MEDVJ,UX9MEDVJ,UX9MEDVJ
495,C928TR28,C928TR28,C928TR28
856,WK3XHJR5,WK3XHJR5,WK3XHJR5
154,01ADUNMV,01ADUNMV,01ADUNMV
267,01M6SK94,01M6SK94,01M6SK94
599,HJMHHU6N,HJMHHU6N,HJMHHU6N
474,AYSCFCO8,AYSCFCO8,AYSCFCO8
751,QHBUEFZ2,QHBUEFZ2,QHBUEFZ2
258,01KXSPAA,01KXSPAA,01KXSPAA
177,01EDMPPZ,01EDMPPZ,01EDMPPZ
745,Q3NA514X,Q3NA514X,Q3NA514X
845,VY1R353X,VY1R353X,VY1R353X
214,01HJHZ5X,01HJHZ5X,01HJHZ5X
603,HQN0ZJDP,HQN0ZJDP,HQN0ZJDP
413,7B46ZOVS,7B46ZOVS,7B46ZOVS
791,SY3JLB0V,SY3JLB0V,SY3JLB0V
768,RUXSXSCL,RUXSXSCL,RUXSXSCL
445,9LWEGQLI,9LWEGQLI,9LWEGQLI
820,UNKC1VVC,UNKC1VVC,UNKC1VVC
93,016T6810,016T6810,016T6810
168,01E5PXS8,01E5PXS8,01E5PXS8
647,K4E9RKYU,K4E9RKYU,K4E9RKYU
409,6XSU5W4B,6XSU5W4B,6XSU5W4B
616,I9TWNSD1,I9TWNSD1,I9TWNSD1
931,patient2,patient2,patient2
588,H205AOTN,H205AOTN,H205AOTN
777,S5VIQ478,S5VIQ478,S5VIQ478
552,EUCFQ9KW,EUCFQ9KW,EUCFQ9KW
292,0OTKQ5J9,0OTKQ5J9,0OTKQ5J9
78,015XE9MT,015XE9MT,015XE9MT
298,12MM6PD7,12MM6PD7,12MM6PD7
689,MC39MU3H,MC39MU3H,MC39MU3H
733,PBG8YZJ9,PBG8YZJ9,PBG8YZJ9
564,FKSYZ9LA,FKSYZ9LA,FKSYZ9LA
63,0158XRYK,0158XRYK,0158XRYK
887,XNEIPJH8,XNEIPJH8,XNEIPJH8
613,I8CPN1UN,I8CPN1UN,I8CPN1UN
643,JY7F4AAF,JY7F4AAF,JY7F4AAF
26,0140XF2Z,0140XF2Z,0140XF2Z
58,0154T9CN,0154T9CN,0154T9CN
148,01A6H4PZ,01A6H4PZ,01A6H4PZ
830,VB7GYS2O,VB7GYS2O,VB7GYS2O
241,01K5X8CN,01K5X8CN,01K5X8CN
674,LGADV15G,LGADV15G,LGADV15G
698,N49I3941,N49I3941,N49I3941
658,KNIH5AER,KNIH5AER,KNIH5AER
483,BIIEY91S,BIIEY91S,BIIEY91S
291,0OF8OOCX,0OF8OOCX,0OF8OOCX
529,DNSRP767,DNSRP767,DNSRP767
827,V68KILV2,V68KILV2,V68KILV2
344,3JCUF41E,3JCUF41E,3JCUF41E
582,GRG0112S,GRG0112S,GRG0112S
77,015WYXSK,015WYXSK,015WYXSK
890,XQF3UEIP,XQF3UEIP,XQF3UEIP
133,019NTT78,019NTT78,019NTT78
889,XNNZTXK5,XNNZTXK5,XNNZTXK5
597,HJ6KHV47,HJ6KHV47,HJ6KHV47
341,3EU06ZN9,3EU06ZN9,3EU06ZN9
410,725VOCK0,725VOCK0,725VOCK0
869,X8I1PX6F,X8I1PX6F,X8I1PX6F
208,01FX4X4R,01FX4X4R,01FX4X4R
850,W7PDBF6N,W7PDBF6N,W7PDBF6N
286,0KIUZ4G5,0KIUZ4G5,0KIUZ4G5
709,NZ9C9J2G,NZ9C9J2G,NZ9C9J2G
464,AKHIE0CJ,AKHIE0CJ,AKHIE0CJ
917,ZD89X7G1,ZD89X7G1,ZD89X7G1
769,RWZ7MK1G,RWZ7MK1G,RWZ7MK1G
573,GB5JUSDJ,GB5JUSDJ,GB5JUSDJ
101,0175MHGN,0175MHGN,0175MHGN
80,0165W7J4,0165W7J4,0165W7J4
610,I13W39XQ,I13W39XQ,I13W39XQ
792,SZQ66Y5A,SZQ66Y5A,SZQ66Y5A
160,01AS9ER0,01AS9ER0,01AS9ER0
774,S18Q8Q4Z,S18Q8Q4Z,S18Q8Q4Z
44,014RZUKF,014RZUKF,014RZUKF
129,019GEJTN,019GEJTN,019GEJTN
420,7KRVT5N0,7KRVT5N0,7KRVT5N0
330,2PNHPSAX,2PNHPSAX,2PNHPSAX
188,01F737KT,01F737KT,01F737KT
326,2DZ821ZJ,2DZ821ZJ,2DZ821ZJ
358,4A02S6L3,4A02S6L3,4A02S6L3
415,7DRMXZ3A,7DRMXZ3A,7DRMXZ3A
365,4NEUQLYY,4NEUQLYY,4NEUQLYY
1,01328DDN,01328DDN,01328DDN
852,WBIEGF2H,WBIEGF2H,WBIEGF2H
656,KHLZKW97,KHLZKW97,KHLZKW97
543,EB6DQGAR,EB6DQGAR,EB6DQGAR
152,01A91JH6,01A91JH6,01A91JH6
396,6FUR0HKF,6FUR0HKF,6FUR0HKF
259,01KY7E6A,01KY7E6A,01KY7E6A
731,P744BHYG,P744BHYG,P744BHYG
311,1QI2XWMD,1QI2XWMD,1QI2XWMD
215,01HJK61N,01HJK61N,01HJK61N
10,013JX8W4,013JX8W4,013JX8W4
542,EA8SBGX4,EA8SBGX4,EA8SBGX4
143,019ZHT7Z,019ZHT7Z,019ZHT7Z
394,6B5BDMQS,6B5BDMQS,6B5BDMQS
17,013VGW18,013VGW18,013VGW18
832,VCVHV931,VCVHV931,VCVHV931
578,GNR6QR3P,GNR6QR3P,GNR6QR3P
550,ENQ0R553,ENQ0R553,ENQ0R553
919,ZGAEQQH7,ZGAEQQH7,ZGAEQQH7
598,HJ9PT4DQ,HJ9PT4DQ,HJ9PT4DQ
759,R7SB5B5N,R7SB5B5N,R7SB5B5N
110,017U3R3T,017U3R3T,017U3R3T
886,XMFOMUYV,XMFOMUYV,XMFOMUYV
216,01HJKFR8,01HJKFR8,01HJKFR8
124,019CNYA6,019CNYA6,019CNYA6
771,RZ69JRI9,RZ69JRI9,RZ69JRI9
290,0O4502M7,0O4502M7,0O4502M7
811,UEPDPBK2,UEPDPBK2,UEPDPBK2
785,SJDH33M1,SJDH33M1,SJDH33M1
521,DG27PDD4,DG27PDD4,DG27PDD4
158,01AS003D,01AS003D,01AS003D
307,1FKZ98MK,1FKZ98MK,1FKZ98MK
421,7PQAZ8X1,7PQAZ8X1,7PQAZ8X1
584,GSICB2I6,GSICB2I6,GSICB2I6
488,BUGB9DY1,BUGB9DY1,BUGB9DY1
175,01ECNYXT,01ECNYXT,01ECNYXT
442,9CBRA5FM,9CBRA5FM,9CBRA5FM
828,V6R7KK6G,V6R7KK6G,V6R7KK6G
345,3JIYO434,3JIYO434,3JIYO434
511,CYU4HS3D,CYU4HS3D,CYU4HS3D
398,6KPUNI4X,6KPUNI4X,6KPUNI4X
197,01FJTJU6,01FJTJU6,01FJTJU6
530,DOMAN83I,DOMAN83I,DOMAN83I
406,6VX3OJFR,6VX3OJFR,6VX3OJFR
260,01M0RWA6,01M0RWA6,01M0RWA6
87,016G9TFH,016G9TFH,016G9TFH
659,KS0FGXGB,KS0FGXGB,KS0FGXGB
91,016PTY8K,016PTY8K,016PTY8K
266,01M6JVVN,01M6JVVN,01M6JVVN
195,01FGPDFR,01FGPDFR,01FGPDFR
810,UAO672OA,UAO672OA,UAO672OA
346,3JVRS0V2,3JVRS0V2,3JVRS0V2
583,GSHA8E4C,GSHA8E4C,GSHA8E4C
574,GBRCT97W,GBRCT97W,GBRCT97W
324,2C4FVXU0,2C4FVXU0,2C4FVXU0
381,58M9IXQ2,58M9IXQ2,58M9IXQ2
646,K4BAII5F,K4BAII5F,K4BAII5F
639,JKLNUYPM,JKLNUYPM,JKLNUYPM
390,5WCMFAT0,5WCMFAT0,5WCMFAT0
809,U9UBDO05,U9UBDO05,U9UBDO05
878,XD8J3TG7,XD8J3TG7,XD8J3TG7
31,0145NKWZ,0145NKWZ,0145NKWZ
36,014EZU5V,014EZU5V,014EZU5V
916,ZCZHZ260,ZCZHZ260,ZCZHZ260
54,0151RHMK,0151RHMK,0151RHMK
350,3PSS0ONL,3PSS0ONL,3PSS0ONL
479,B9TZ4IAO,B9TZ4IAO,B9TZ4IAO
363,4LQPEQN5,4LQPEQN5,4LQPEQN5
23,0140U5D6,0140U5D6,0140U5D6
249,01KK2DER,01KK2DER,01KK2DER
64,0159CS26,0159CS26,0159CS26
813,UHV31TFH,UHV31TFH,UHV31TFH
319,26CY2H2Q,26CY2H2Q,26CY2H2Q
314,20AHRBL3,20AHRBL3,20AHRBL3
617,IAKXN91M,IAKXN91M,IAKXN91M
651,K9X2TVDE,K9X2TVDE,K9X2TVDE
711,O4WFMHT1,O4WFMHT1,O4WFMHT1
750,QF3P9YRI,QF3P9YRI,QF3P9YRI
514,D8FLAW28,D8FLAW28,D8FLAW28
435,8SLVB1AH,8SLVB1AH,8SLVB1AH
872,XA2VLAUJ,XA2VLAUJ,XA2VLAUJ
546,EI585456,EI585456,EI585456
301,1419YTY4,1419YTY4,1419YTY4
640,JRG6Y6E0,JRG6Y6E0,JRG6Y6E0
729,P2XZ9Q6L,P2XZ9Q6L,P2XZ9Q6L
244,01KC08MV,01KC08MV,01KC08MV
880,XG9DMI04,XG9DMI04,XG9DMI04
43,014RZJT4,014RZJT4,014RZJT4
38,014F9HTN,014F9HTN,014F9HTN
235,01JNZKAX,01JNZKAX,01JNZKAX
18,013Z78FX,013Z78FX,013Z78FX
397,6I8A5049,6I8A5049,6I8A5049
84,016A053T,016A053T,016A053T
693,MNIAB8K3,MNIAB8K3,MNIAB8K3
273,01MCNDR0,01MCNDR0,01MCNDR0
277,09BMUY86,09BMUY86,09BMUY86
356,45UD35GC,45UD35GC,45UD35GC
144,019ZJY1H,019ZJY1H,019ZJY1H
402,6PTI2HX6,6PTI2HX6,6PTI2HX6
76,015WXFRN,015WXFRN,015WXFRN
801,TUXRQYU8,TUXRQYU8,TUXRQYU8
903,YNKZHRP0,YNKZHRP0,YNKZHRP0
52,014ZWMZ8,014ZWMZ8,014ZWMZ8
840,VR3C4L0M,VR3C4L0M,VR3C4L0M
28,01422MSK,01422MSK,01422MSK
538,E23G704K,E23G704K,E23G704K
70,015KRWDT,015KRWDT,015KRWDT
517,DC8VMT30,DC8VMT30,DC8VMT30
146,019ZMN7R,019ZMN7R,019ZMN7R
13,013NXP1H,013NXP1H,013NXP1H
14,013TGCFK,013TGCFK,013TGCFK
563,FJS5HCDU,FJS5HCDU,FJS5HCDU
456,9YQIGSGN,9YQIGSGN,9YQIGSGN
272,01MCM1UK,01MCM1UK,01MCM1UK
88,016KWDMV,016KWDMV,016KWDMV
103,0178P1CT,0178P1CT,0178P1CT
200,01FPY2PZ,01FPY2PZ,01FPY2PZ
431,8JYS0DD1,8JYS0DD1,8JYS0DD1
812,UHU2XH25,UHU2XH25,UHU2XH25
846,VY5POH5L,VY5POH5L,VY5POH5L
40,014JUMCF,014JUMCF,014JUMCF
270,01MAVT6A,01MAVT6A,01MAVT6A
860,WRT7Y7P9,WRT7Y7P9,WRT7Y7P9
888,XNNFHCFV,XNNFHCFV,XNNFHCFV
713,O9U99070,O9U99070,O9U99070
929,mccarthy,mccarthy,mccarthy
251,01KKD7YK,01KKD7YK,01KKD7YK
673,LE4E8YWJ,LE4E8YWJ,LE4E8YWJ
905,YTMRIXFD,YTMRIXFD,YTMRIXFD
765,RMZC48A0,RMZC48A0,RMZC48A0
696,MXWH2ZXJ,MXWH2ZXJ,MXWH2ZXJ
645,K2T9J4YW,K2T9J4YW,K2T9J4YW
60,0155EZ2V,0155EZ2V,0155EZ2V
27,0140YFGV,0140YFGV,0140YFGV
817,ULCJXQS5,ULCJXQS5,ULCJXQS5
608,I004CBAW,I004CBAW,I004CBAW
484,BMQDU97G,BMQDU97G,BMQDU97G
589,H5EFRXCQ,H5EFRXCQ,H5EFRXCQ
523,DHS59TDF,DHS59TDF,DHS59TDF
428,87N5YSES,87N5YSES,87N5YSES
278,09H2L7DM,09H2L7DM,09H2L7DM
741,PY6M5YZ2,PY6M5YZ2,PY6M5YZ2
690,MGYSCSI9,MGYSCSI9,MGYSCSI9
66,015DTXR8,015DTXR8,015DTXR8
82,0166M778,0166M778,0166M778
891,XTF24UY3,XTF24UY3,XTF24UY3
892,XYCYM84N,XYCYM84N,XYCYM84N
485,BNQ3Q4G3,BNQ3Q4G3,BNQ3Q4G3
842,VS5EECWH,VS5EECWH,VS5EECWH
611,I3PL4JRE,I3PL4JRE,I3PL4JRE
537,E1OLNXQ5,E1OLNXQ5,E1OLNXQ5
489,BWWLPBF7,BWWLPBF7,BWWLPBF7
580,GPADPK3N,GPADPK3N,GPADPK3N
795,T9GV3ZWX,T9GV3ZWX,T9GV3ZWX
469,ASUXPX7O,ASUXPX7O,ASUXPX7O
525,DKDRMRFK,DKDRMRFK,DKDRMRFK
900,YJXIBVIM,YJXIBVIM,YJXIBVIM
748,QD5BSKK9,QD5BSKK9,QD5BSKK9
187,01F6WV5D,01F6WV5D,01F6WV5D
125,019CP4YZ,019CP4YZ,019CP4YZ
763,RGSLRERP,RGSLRERP,RGSLRERP
685,M4HYU284,M4HYU284,M4HYU284
460,AEOQ4Q9Q,AEOQ4Q9Q,AEOQ4Q9Q
510,CXAJM3O9,CXAJM3O9,CXAJM3O9
127,019EK6N2,019EK6N2,019EK6N2
317,230CAJXL,230CAJXL,230CAJXL
679,LOVM549U,LOVM549U,LOVM549U
147,01A6GW4A,01A6GW4A,01A6GW4A
359,4FEQPMVC,4FEQPMVC,4FEQPMVC
509,CX7JD1LO,CX7JD1LO,CX7JD1LO
898,YCJO4386,YCJO4386,YCJO4386
557,FA7LBP95,FA7LBP95,FA7LBP95
85,016FSM14,016FSM14,016FSM14
797,TEPBA32B,TEPBA32B,TEPBA32B
233,01JHDRT4,01JHDRT4,01JHDRT4
33,0148VUFR,0148VUFR,0148VUFR
857,WKDWFB4W,WKDWFB4W,WKDWFB4W
787,SMF65G9B,SMF65G9B,SMF65G9B
156,01AFES4K,01AFES4K,01AFES4K
623,IKZNMT4Z,IKZNMT4Z,IKZNMT4Z
123,0199XT22,0199XT22,0199XT22
303,15AIQVK8,15AIQVK8,15AIQVK8
794,T4YI54O5,T4YI54O5,T4YI54O5
512,CZ0XDR02,CZ0XDR02,CZ0XDR02
754,QQKBAWLF,QQKBAWLF,QQKBAWLF
430,8C8LPIIY,8C8LPIIY,8C8LPIIY
756,QVUPP39R,QVUPP39R,QVUPP39R
841,VR3UZPCR,VR3UZPCR,VR3UZPCR
30,0145FC8N,0145FC8N,0145FC8N
56,01533W1T,01533W1T,01533W1T
918,ZELRVD3C,ZELRVD3C,ZELRVD3C
749,QDI80G6G,QDI80G6G,QDI80G6G
48,014Z13Z2,014Z13Z2,014Z13Z2
668,L8IYFLQP,L8IYFLQP,L8IYFLQP
186,01F4SYN8,01F4SYN8,01F4SYN8
694,MPLQN22P,MPLQN22P,MPLQN22P
746,Q5GSR6N2,Q5GSR6N2,Q5GSR6N2
764,RHGVYFQ9,RHGVYFQ9,RHGVYFQ9
682,LUQGC700,LUQGC700,LUQGC700
368,4OTQF1P6,4OTQF1P6,4OTQF1P6
353,3XIVSP8G,3XIVSP8G,3XIVSP8G
429,8BA4388V,8BA4388V,8BA4388V
867,X67M31XQ,X67M31XQ,X67M31XQ
755,QTDZUUZV,QTDZUUZV,QTDZUUZV
854,WIF3WKRG,WIF3WKRG,WIF3WKRG
217,01HMF5HV,01HMF5HV,01HMF5HV
747,QA27COSZ,QA27COSZ,QA27COSZ
675,LHP32GAK,LHP32GAK,LHP32GAK
269,01MAVHYZ,01MAVHYZ,01MAVHYZ
718,OGQI7QQX,OGQI7QQX,OGQI7QQX
42,014M2HZD,014M2HZD,014M2HZD
364,4MC4KRQV,4MC4KRQV,4MC4KRQV
901,YMB2MN8L,YMB2MN8L,YMB2MN8L
73,015SUFFX,015SUFFX,015SUFFX
724,ORDHT9TX,ORDHT9TX,ORDHT9TX
540,E552BK9X,E552BK9X,E552BK9X
911,Z5SBGG6H,Z5SBGG6H,Z5SBGG6H
62,0158T9ED,0158T9ED,0158T9ED
416,7G52QKXB,7G52QKXB,7G52QKXB
833,VD3KNUMV,VD3KNUMV,VD3KNUMV
879,XDKV81OZ,XDKV81OZ,XDKV81OZ
637,JJ19KE8W,JJ19KE8W,JJ19KE8W
727,P0LH5JC8,P0LH5JC8,P0LH5JC8
470,AV3JBM98,AV3JBM98,AV3JBM98
654,KBN31K7D,KBN31K7D,KBN31K7D
294,0U1LI1CB,0U1LI1CB,0U1LI1CB
457,9ZI8RSEP,9ZI8RSEP,9ZI8RSEP
423,80RPZWJT,80RPZWJT,80RPZWJT
348,3PBLPI5H,3PBLPI5H,3PBLPI5H
229,01J9K9S6,01J9K9S6,01J9K9S6
692,MHG8FM6A,MHG8FM6A,MHG8FM6A
322,28Q7CM3T,28Q7CM3T,28Q7CM3T
393,6A019QAT,6A019QAT,6A019QAT
740,PS0WAD4X,PS0WAD4X,PS0WAD4X
500,CIGUMDD0,CIGUMDD0,CIGUMDD0
238,01JZF0KX,01JZF0KX,01JZF0KX
328,2HTC4QTP,2HTC4QTP,2HTC4QTP
717,OEPN5LUR,OEPN5LUR,OEPN5LUR
89,016N696F,016N696F,016N696F
171,01E66M2X,01E66M2X,01E66M2X
465,ANLLPLV7,ANLLPLV7,ANLLPLV7
444,9KDRM0A8,9KDRM0A8,9KDRM0A8
240,01K3G866,01K3G866,01K3G866
293,0TMOBYXS,0TMOBYXS,0TMOBYXS
561,FHA6N618,FHA6N618,FHA6N618
779,SAIQAN8Y,SAIQAN8Y,SAIQAN8Y
19,013Z8U5Z,013Z8U5Z,013Z8U5Z
498,CD81F1F4,CD81F1F4,CD81F1F4
712,O52P1SZT,O52P1SZT,O52P1SZT
609,I04GI3H5,I04GI3H5,I04GI3H5
149,01A6HAN6,01A6HAN6,01A6HAN6
519,DFF7889A,DFF7889A,DFF7889A
287,0KPHM46Q,0KPHM46Q,0KPHM46Q
283,0EJBIPTC,0EJBIPTC,0EJBIPTC
458,A9TECAGP,A9TECAGP,A9TECAGP
775,S1Y7IWMP,S1Y7IWMP,S1Y7IWMP
439,918HS04U,918HS04U,918HS04U
633,J8YGBFK2,J8YGBFK2,J8YGBFK2
338,3ARXXI22,3ARXXI22,3ARXXI22
604,HSY4YB1J,HSY4YB1J,HSY4YB1J
893,Y48DURWV,Y48DURWV,Y48DURWV
441,949XHLS5,949XHLS5,949XHLS5
738,PM5K088N,PM5K088N,PM5K088N
506,CUOT8S6L,CUOT8S6L,CUOT8S6L
401,6PNM29W7,6PNM29W7,6PNM29W7
907,YVGEP1R6,YVGEP1R6,YVGEP1R6
385,5LP835GA,5LP835GA,5LP835GA
650,K8SZYQ72,K8SZYQ72,K8SZYQ72
49,014Z1E5D,014Z1E5D,014Z1E5D
234,01JM5T86,01JM5T86,01JM5T86
836,VJZXIP9X,VJZXIP9X,VJZXIP9X
140,019Z31A2,019Z31A2,019Z31A2
405,6TZ254SP,6TZ254SP,6TZ254SP
805,U0YVRCMS,U0YVRCMS,U0YVRCMS
699,N53MDM0A,N53MDM0A,N53MDM0A
706,NUYIOL97,NUYIOL97,NUYIOL97
68,015DXGZH,015DXGZH,015DXGZH
593,H9EM9IEE,H9EM9IEE,H9EM9IEE
683,LWUJBHYO,LWUJBHYO,LWUJBHYO
468,AQLXAN8L,AQLXAN8L,AQLXAN8L
98,016Y55Z0,016Y55Z0,016Y55Z0
621,IFVHVDFO,IFVHVDFO,IFVHVDFO
804,TZRY3HIX,TZRY3HIX,TZRY3HIX
236,01JZ8C06,01JZ8C06,01JZ8C06
660,KS84R9LU,KS84R9LU,KS84R9LU
569,G29MBJ1O,G29MBJ1O,G29MBJ1O
434,8QFKXVYB,8QFKXVYB,8QFKXVYB
615,I9OKVRWS,I9OKVRWS,I9OKVRWS
264,01M6A1CH,01M6A1CH,01M6A1CH
475,B5708797,B5708797,B5708797
196,01FJT0PR,01FJT0PR,01FJT0PR
493,C4LOTSKE,C4LOTSKE,C4LOTSKE
684,M357DNS7,M357DNS7,M357DNS7
